,alpha-3,Province/State,Country/Region,Lat,Long,1/23/20,1/24/20,1/25/20,1/26/20,1/27/20,1/28/20,1/29/20,1/30/20,1/31/20,2/1/20,2/2/20,2/3/20,2/4/20,2/5/20,2/6/20,2/7/20,2/8/20,2/9/20,2/10/20,2/11/20,2/12/20,2/13/20,2/14/20,2/15/20,2/16/20,2/17/20,2/18/20,2/19/20,2/20/20,2/21/20,2/22/20,2/23/20,2/24/20,2/25/20,2/26/20,2/27/20,2/28/20,2/29/20,3/1/20,3/2/20,3/3/20,3/4/20,3/5/20,3/6/20,3/7/20,3/8/20,3/9/20,3/10/20,3/11/20,3/12/20,3/13/20,3/14/20,3/15/20,3/16/20,3/17/20,3/18/20,3/19/20,3/20/20,3/21/20,3/22/20,3/23/20,3/24/20,3/25/20,3/26/20,3/27/20,3/28/20,3/29/20,3/30/20,3/31/20,4/1/20,4/2/20,4/3/20,4/4/20,4/5/20,4/6/20,4/7/20,4/8/20,4/9/20,4/10/20,4/11/20,4/12/20,4/13/20,4/14/20,4/15/20,4/16/20,4/17/20,4/18/20,4/19/20,4/20/20,4/21/20,4/22/20,4/23/20,4/24/20,4/25/20,4/26/20,4/27/20,4/28/20,4/29/20,4/30/20,5/1/20,5/2/20,5/3/20,5/4/20,5/5/20,5/6/20,5/7/20,5/8/20,5/9/20
0,AFG,,Afghanistan,33.0,65.0,0,0,0,0,0,0,0,0,0,0,0,0,0,0,0,0,0,0,0,0,0,0,0,0,0,0,0,0,0,0,0,0,1,0,0,0,0,0,0,0,0,0,0,0,0,3,0,1,2,0,0,4,5,5,1,0,0,2,0,16,0,34,10,10,16,0,10,50,4,63,36,8,18,50,18,56,21,40,37,34,52,58,49,70,56,66,27,63,30,66,84,103,72,112,68,172,125,111,232,164,134,235,190,330,168,171,215,255
1,ALB,,Albania,41.1533,20.1683,0,0,0,0,0,0,0,0,0,0,0,0,0,0,0,0,0,0,0,0,0,0,0,0,0,0,0,0,0,0,0,0,0,0,0,0,0,0,0,0,0,0,0,0,0,0,2,8,2,11,10,5,4,9,4,4,5,6,6,13,15,19,23,28,12,11,15,11,20,16,18,27,29,28,16,6,17,9,7,17,13,21,8,19,24,21,9,14,22,25,25,29,15,34,14,10,14,16,7,9,7,6,8,17,12,10,8,6
2,DZA,,Algeria,28.0339,1.6596,0,0,0,0,0,0,0,0,0,0,0,0,0,0,0,0,0,0,0,0,0,0,0,0,0,0,0,0,0,0,0,0,0,1,0,0,0,0,0,2,2,7,0,5,0,2,1,0,0,4,2,11,11,6,6,14,13,3,49,62,29,34,38,65,42,45,57,73,132,131,139,185,80,69,103,45,104,94,95,64,89,69,87,90,108,150,116,95,89,93,99,97,120,129,126,135,132,199,158,148,141,179,174,190,159,185,187,189
3,AND,,Andorra,42.5063,1.5218,0,0,0,0,0,0,0,0,0,0,0,0,0,0,0,0,0,0,0,0,0,0,0,0,0,0,0,0,0,0,0,0,0,0,0,0,0,0,0,1,0,0,0,0,0,0,0,0,0,0,0,0,0,1,37,0,14,22,13,25,20,31,24,36,43,41,26,36,6,14,38,11,27,35,24,20,19,19,18,0,37,8,13,14,0,23,8,9,4,0,6,0,8,7,0,5,0,0,2,0,2,1,2,1,0,1,0,2
4,AGO,,Angola,-11.2027,17.8739,0,0,0,0,0,0,0,0,0,0,0,0,0,0,0,0,0,0,0,0,0,0,0,0,0,0,0,0,0,0,0,0,0,0,0,0,0,0,0,0,0,0,0,0,0,0,0,0,0,0,0,0,0,0,0,0,0,1,1,0,1,0,0,1,0,1,2,0,0,1,0,0,2,4,2,1,2,0,0,0,0,0,0,0,0,0,5,0,0,0,1,0,0,0,1,1,0,0,0,3,5,0,0,1,0,0,7,0
5,ATG,,Antigua and Barbuda,17.0608,-61.7964,0,0,0,0,0,0,0,0,0,0,0,0,0,0,0,0,0,0,0,0,0,0,0,0,0,0,0,0,0,0,0,0,0,0,0,0,0,0,0,0,0,0,0,0,0,0,0,0,0,0,1,0,0,0,0,0,0,0,0,0,2,0,0,4,0,0,0,0,0,0,2,6,0,0,0,4,0,0,0,2,0,2,0,0,0,0,0,0,0,0,1,0,0,0,0,0,0,0,0,1,0,0,0,0,0,0,0,0
6,ARG,,Argentina,-38.4161,-63.6167,0,0,0,0,0,0,0,0,0,0,0,0,0,0,0,0,0,0,0,0,0,0,0,0,0,0,0,0,0,0,0,0,0,0,0,0,0,0,0,0,1,0,0,1,6,4,0,5,2,0,12,3,11,11,12,11,18,31,30,108,35,86,0,115,87,101,55,75,234,0,79,132,186,0,103,74,87,80,180,0,167,66,69,166,128,98,89,81,102,90,113,291,172,173,112,111,124,158,143,104,149,102,104,133,188,163,240,165
7,ARM,,Armenia,40.0691,45.0382,0,0,0,0,0,0,0,0,0,0,0,0,0,0,0,0,0,0,0,0,0,0,0,0,0,0,0,0,0,0,0,0,0,0,0,0,0,0,1,0,0,0,0,0,0,0,0,0,0,3,4,10,8,26,26,6,31,21,24,34,41,14,16,25,39,78,17,58,50,39,92,73,34,52,11,20,28,40,16,30,46,26,28,44,48,42,47,43,48,62,72,50,73,81,69,62,59,65,134,82,125,113,121,112,163,102,145,146
8,AUS,Australian Capital Territory,Australia,-35.4735,149.0124,0,0,0,0,0,0,0,0,0,0,0,0,0,0,0,0,0,0,0,0,0,0,0,0,0,0,0,0,0,0,0,0,0,0,0,0,0,0,0,0,0,0,0,0,0,0,0,0,0,0,1,0,0,1,0,1,1,2,3,10,13,7,0,14,9,9,6,1,2,4,3,4,2,3,0,0,3,1,3,0,0,-1,1,0,0,0,0,0,1,0,0,0,1,1,0,0,0,0,0,0,0,0,1,0,0,0,0,0
9,AUS,New South Wales,Australia,-33.8688,151.2093,0,0,0,3,1,0,0,0,0,0,0,0,0,0,0,0,0,0,0,0,0,0,0,0,0,0,0,0,0,0,0,0,0,0,0,0,0,0,2,0,7,9,0,4,2,10,10,7,10,0,27,20,22,37,39,57,40,46,83,233,0,149,211,190,186,212,174,241,0,150,116,91,104,87,57,49,48,39,49,35,0,6,7,16,11,29,10,21,6,6,2,5,6,12,8,2,12,0,9,5,5,-2,2,7,2,3,4,2
10,AUS,Northern Territory,Australia,-12.4634,130.8456,0,0,0,0,0,0,0,0,0,0,0,0,0,0,0,0,0,0,0,0,0,0,0,0,0,0,0,0,0,0,0,0,0,0,0,0,0,0,0,0,0,1,0,-1,0,0,0,1,0,0,0,0,0,0,0,0,0,2,0,2,0,1,0,6,0,3,0,0,2,2,2,1,4,1,1,0,0,0,0,0,0,0,0,0,0,0,0,0,0,0,0,0,0,0,0,0,0,0,0,-1,2,0,0,0,0,0,0,0
11,AUS,Queensland,Australia,-28.0167,153.4,0,0,0,0,0,0,1,2,-1,1,-1,0,1,0,1,1,0,0,0,0,0,0,0,0,0,0,0,0,0,0,0,0,0,0,0,0,0,4,0,0,2,0,2,0,0,2,0,3,2,0,15,11,15,7,10,16,50,40,37,38,60,78,46,50,62,70,31,33,54,38,54,38,27,7,14,13,9,10,12,9,9,4,11,1,2,6,8,4,0,5,0,2,0,0,4,3,1,-1,0,1,1,3,5,0,2,0,0,0
12,AUS,South Australia,Australia,-34.9285,138.6007,0,0,0,0,0,0,0,0,0,1,1,0,0,0,0,0,0,0,0,0,0,0,0,0,0,0,0,0,0,0,0,0,0,0,0,0,0,1,0,0,0,2,0,2,0,0,0,0,2,0,7,3,1,9,0,8,5,8,17,33,34,36,0,65,22,30,12,6,32,30,0,29,11,0,4,0,4,5,8,1,0,0,4,0,0,2,0,0,0,2,1,0,0,0,0,0,0,0,0,0,0,0,0,0,0,1,0,0
13,AUS,Tasmania,Australia,-41.4545,145.9707,0,0,0,0,0,0,0,0,0,0,0,0,0,0,0,0,0,0,0,0,0,0,0,0,0,0,0,0,0,0,0,0,0,0,0,0,0,0,0,1,0,0,0,0,0,1,0,0,1,0,2,0,1,1,0,3,0,0,6,6,6,0,8,11,0,15,4,0,3,0,3,2,6,2,4,3,9,13,11,11,0,11,21,0,4,11,8,7,5,1,4,2,0,0,5,2,4,1,2,0,0,0,0,4,1,1,0,0
14,AUS,Victoria,Australia,-37.8136,144.9631,0,0,0,1,0,0,0,1,1,1,0,0,0,0,0,0,0,0,0,0,0,0,0,0,0,0,0,0,0,0,0,0,0,0,0,0,0,3,0,2,0,1,0,0,1,0,4,3,3,0,15,13,8,14,23,27,0,0,108,126,0,56,55,54,54,111,84,52,96,51,68,49,30,20,23,33,21,16,13,24,3,13,10,8,0,3,17,9,1,7,0,1,6,3,3,0,5,7,3,7,13,22,17,17,14,13,1,19
15,AUS,Western Australia,Australia,-31.9505,115.8605,0,0,0,0,0,0,0,0,0,0,0,0,0,0,0,0,0,0,0,0,0,0,0,0,0,0,0,0,0,0,0,0,0,0,0,0,0,2,0,0,0,0,1,0,0,0,1,2,3,0,5,3,0,11,3,4,17,12,26,30,20,35,0,56,0,47,33,44,9,28,8,0,36,17,7,0,21,14,11,8,0,3,10,0,5,9,3,1,0,1,0,0,2,1,0,0,1,1,0,0,0,0,0,0,0,1,0,0
16,AUT,,Austria,47.5162,14.5501,0,0,0,0,0,0,0,0,0,0,0,0,0,0,0,0,0,0,0,0,0,0,0,0,0,0,0,0,0,0,0,0,0,2,0,1,0,6,5,4,3,8,12,14,24,25,27,51,64,56,202,151,205,158,314,314,367,375,426,768,892,809,305,1321,748,614,517,830,562,531,418,395,257,270,246,342,303,302,311,251,139,96,185,110,140,119,76,78,46,78,52,77,69,77,77,49,83,45,50,79,27,39,24,29,34,68,22,59
17,AZE,,Azerbaijan,40.1431,47.5769,0,0,0,0,0,0,0,0,0,0,0,0,0,0,0,0,0,0,0,0,0,0,0,0,0,0,0,0,0,0,0,0,0,0,0,0,0,0,3,0,0,0,3,0,3,0,0,2,0,0,4,0,8,5,0,0,16,0,9,12,7,15,6,29,43,17,27,64,25,61,41,43,78,63,57,76,105,104,65,67,40,50,49,56,30,57,33,25,38,44,38,30,44,25,28,33,39,49,38,50,40,38,52,76,67,77,75,143
18,BHS,,Bahamas,25.0343,-77.3963,0,0,0,0,0,0,0,0,0,0,0,0,0,0,0,0,0,0,0,0,0,0,0,0,0,0,0,0,0,0,0,0,0,0,0,0,0,0,0,0,0,0,0,0,0,0,0,0,0,0,0,0,0,1,0,0,2,0,1,0,0,1,0,4,1,0,1,3,0,7,3,0,4,0,1,4,7,1,1,4,0,1,2,0,4,1,1,0,5,5,0,7,1,5,2,0,0,0,1,0,2,0,0,6,3,0,0,0
19,BHR,,Bahrain,26.0275,50.55,0,0,0,0,0,0,0,0,0,0,0,0,0,0,0,0,0,0,0,0,0,0,0,0,0,0,0,0,0,0,0,0,1,22,10,0,3,5,6,2,0,3,3,5,25,0,10,15,85,0,0,15,4,0,14,28,22,7,20,29,43,15,27,39,8,10,23,16,52,2,74,29,16,12,56,55,12,64,38,115,96,225,167,143,29,40,33,108,26,66,54,190,301,70,59,76,88,110,119,130,114,99,150,187,214,265,245,330
20,BGD,,Bangladesh,23.685,90.3563,0,0,0,0,0,0,0,0,0,0,0,0,0,0,0,0,0,0,0,0,0,0,0,0,0,0,0,0,0,0,0,0,0,0,0,0,0,0,0,0,0,0,0,0,0,3,0,0,0,0,0,0,2,3,2,4,3,3,5,2,6,6,0,5,4,0,0,1,2,3,2,5,9,18,35,41,54,112,94,58,139,182,209,219,341,266,306,312,492,434,390,414,503,309,418,497,549,641,564,571,552,665,688,786,790,706,709,636
21,BRB,,Barbados,13.1939,-59.5432,0,0,0,0,0,0,0,0,0,0,0,0,0,0,0,0,0,0,0,0,0,0,0,0,0,0,0,0,0,0,0,0,0,0,0,0,0,0,0,0,0,0,0,0,0,0,0,0,0,0,0,0,0,0,2,0,3,0,1,8,3,1,0,0,6,2,7,0,1,0,12,5,1,4,4,3,0,3,1,1,3,1,0,1,2,0,0,0,0,0,0,1,1,2,0,1,0,0,1,0,0,1,0,0,0,0,1,1
22,BLR,,Belarus,53.7098,27.9534,0,0,0,0,0,0,0,0,0,0,0,0,0,0,0,0,0,0,0,0,0,0,0,0,0,0,0,0,0,0,0,0,0,0,0,0,1,0,0,0,0,5,0,0,0,0,0,3,0,3,15,0,0,9,0,15,0,18,7,0,5,0,5,0,8,0,0,58,0,11,141,47,89,122,138,161,205,420,495,245,352,341,362,447,476,575,0,0,1485,459,558,741,751,817,873,826,919,973,846,890,911,877,784,861,905,913,933,951
23,BEL,,Belgium,50.8333,4.0,0,0,0,0,0,0,0,0,0,0,0,0,1,0,0,0,0,0,0,0,0,0,0,0,0,0,0,0,0,0,0,0,0,0,0,0,0,0,1,6,5,10,27,59,60,31,39,28,47,0,245,130,197,172,185,243,309,462,558,586,342,526,668,1298,1049,1850,1702,1063,876,1189,1384,1422,1661,1260,1123,1380,1209,1580,1684,1351,1629,942,530,2454,1236,1329,1045,1313,1487,973,933,908,1496,1032,809,553,647,525,660,513,485,389,361,242,272,639,591,585
24,BLZ,,Belize,13.1939,-59.5432,0,0,0,0,0,0,0,0,0,0,0,0,0,0,0,0,0,0,0,0,0,0,0,0,0,0,0,0,0,0,0,0,0,0,0,0,0,0,0,0,0,0,0,0,0,0,0,0,0,0,0,0,0,0,0,0,0,0,0,0,1,0,1,0,0,0,0,1,0,0,0,1,0,1,2,0,1,1,1,3,1,4,0,0,0,0,0,0,0,0,0,0,0,0,0,0,0,0,0,0,0,0,0,0,0,0,0,0
25,BEN,,Benin,9.3077,2.3158,0,0,0,0,0,0,0,0,0,0,0,0,0,0,0,0,0,0,0,0,0,0,0,0,0,0,0,0,0,0,0,0,0,0,0,0,0,0,0,0,0,0,0,0,0,0,0,0,0,0,0,0,0,1,0,1,0,0,0,0,3,1,0,0,0,0,0,0,3,4,0,3,0,6,4,0,0,0,9,0,0,0,0,0,0,0,0,0,19,0,0,0,0,0,10,0,0,0,0,26,0,0,6,0,0,44,102,42
26,BTN,,Bhutan,27.5142,90.4336,0,0,0,0,0,0,0,0,0,0,0,0,0,0,0,0,0,0,0,0,0,0,0,0,0,0,0,0,0,0,0,0,0,0,0,0,0,0,0,0,0,0,0,1,0,0,0,0,0,0,0,0,0,0,0,0,0,1,0,0,0,0,0,0,1,0,1,0,0,0,1,0,0,0,0,0,0,0,0,0,0,0,0,0,0,0,0,0,0,1,0,1,0,0,0,0,0,0,0,0,0,0,0,0,0,0,0,0
27,BOL,,Bolivia,-16.2902,-63.5887,0,0,0,0,0,0,0,0,0,0,0,0,0,0,0,0,0,0,0,0,0,0,0,0,0,0,0,0,0,0,0,0,0,0,0,0,0,0,0,0,0,0,0,0,0,0,0,0,2,0,1,7,0,1,0,1,0,3,4,5,3,2,3,11,18,13,7,16,10,8,8,9,7,18,26,11,16,54,4,7,25,30,24,43,44,24,28,27,44,34,11,94,104,59,84,64,39,57,57,62,241,124,87,121,84,195,185,171
28,BIH,,Bosnia and Herzegovina,43.9159,17.6791,0,0,0,0,0,0,0,0,0,0,0,0,0,0,0,0,0,0,0,0,0,0,0,0,0,0,0,0,0,0,0,0,0,0,0,0,0,0,0,0,0,0,2,0,1,0,0,2,2,4,2,5,6,1,1,12,25,26,4,33,10,30,10,15,46,21,65,45,52,39,74,46,45,30,20,90,40,54,43,45,63,28,46,27,57,47,54,17,24,33,26,45,8,65,30,49,20,92,80,24,58,18,69,20,41,40,43,20
29,BWA,,Botswana,-22.3285,24.6849,0,0,0,0,0,0,0,0,0,0,0,0,0,0,0,0,0,0,0,0,0,0,0,0,0,0,0,0,0,0,0,0,0,0,0,0,0,0,0,0,0,0,0,0,0,0,0,0,0,0,0,0,0,0,0,0,0,0,0,0,0,0,0,0,0,0,0,3,1,0,0,0,0,2,0,0,0,7,0,0,0,0,0,0,2,0,0,5,0,0,2,0,0,0,0,0,1,0,0,0,0,0,0,0,0,0,0,0
30,BRA,,Brazil,-14.235,-51.9253,0,0,0,0,0,0,0,0,0,0,0,0,0,0,0,0,0,0,0,0,0,0,0,0,0,0,0,0,0,0,0,0,0,0,1,0,0,1,0,0,0,2,0,9,0,7,5,6,7,14,99,0,11,38,121,51,249,172,228,525,378,323,307,431,432,487,352,323,1138,1119,1208,1012,1304,770,1031,1873,2136,1922,1546,1089,1465,1238,1832,3058,2105,3257,2976,1996,2089,2336,2678,4279,4007,5281,3776,4346,5789,6450,7502,5015,4898,4726,6794,6835,11156,9162,11121,9167
31,BRN,,Brunei,4.5353,114.7277,0,0,0,0,0,0,0,0,0,0,0,0,0,0,0,0,0,0,0,0,0,0,0,0,0,0,0,0,0,0,0,0,0,0,0,0,0,0,0,0,0,0,0,0,0,0,1,0,10,0,26,3,10,4,2,12,7,3,5,5,3,13,5,5,1,5,6,1,2,2,2,1,1,0,0,0,0,0,1,0,0,0,0,0,0,0,1,1,0,0,0,0,0,0,0,0,0,0,0,0,0,0,0,0,1,2,0,0
32,BGR,,Bulgaria,42.7339,25.4858,0,0,0,0,0,0,0,0,0,0,0,0,0,0,0,0,0,0,0,0,0,0,0,0,0,0,0,0,0,0,0,0,0,0,0,0,0,0,0,0,0,0,0,0,0,4,0,0,3,0,16,18,10,1,15,25,2,33,36,24,14,17,24,22,29,38,15,13,40,23,35,28,18,28,18,28,16,25,17,26,14,10,28,34,53,46,32,16,35,46,49,73,137,13,53,63,36,48,59,49,39,24,34,52,74,51,43,49
33,BFA,,Burkina Faso,12.2383,-1.5616,0,0,0,0,0,0,0,0,0,0,0,0,0,0,0,0,0,0,0,0,0,0,0,0,0,0,0,0,0,0,0,0,0,0,0,0,0,0,0,0,0,0,0,0,0,0,0,1,1,0,0,0,1,12,0,5,13,7,24,11,24,15,32,6,28,27,15,24,15,21,6,14,16,27,19,20,30,29,0,41,13,0,31,14,4,11,8,11,5,19,9,7,13,0,3,3,3,3,4,4,3,10,10,16,41,7,8,4
34,BDI,,Burundi,-3.3731,29.9189,0,0,0,0,0,0,0,0,0,0,0,0,0,0,0,0,0,0,0,0,0,0,0,0,0,0,0,0,0,0,0,0,0,0,0,0,0,0,0,0,0,0,0,0,0,0,0,0,0,0,0,0,0,0,0,0,0,0,0,0,0,0,0,0,0,0,0,0,2,0,1,0,0,0,0,0,0,0,0,2,0,0,0,0,0,0,0,0,0,0,6,0,0,0,0,0,0,0,0,0,4,0,0,0,0,0,0,0
35,CPV,,Cabo Verde,16.5388,-23.0418,0,0,0,0,0,0,0,0,0,0,0,0,0,0,0,0,0,0,0,0,0,0,0,0,0,0,0,0,0,0,0,0,0,0,0,0,0,0,0,0,0,0,0,0,0,0,0,0,0,0,0,0,0,0,0,0,0,1,2,0,0,0,1,0,1,0,1,0,0,0,0,0,1,0,0,0,0,0,0,1,0,2,1,45,0,0,2,3,6,1,5,9,6,2,16,3,5,0,7,1,30,13,10,11,5,27,12,6
36,KHM,,Cambodia,11.55,104.9167,0,0,0,0,1,0,0,0,0,0,0,0,0,0,0,0,0,0,0,0,0,0,0,0,0,0,0,0,0,0,0,0,0,0,0,0,0,0,0,0,0,0,0,0,0,1,0,0,1,0,2,2,0,0,26,2,2,14,2,31,3,4,5,0,3,0,4,4,2,0,1,4,0,0,0,1,2,2,0,1,2,0,0,0,0,0,0,0,0,0,0,0,0,0,0,0,0,0,0,0,0,0,0,0,0,0,0,0
37,CMR,,Cameroon,3.848,11.5021,0,0,0,0,0,0,0,0,0,0,0,0,0,0,0,0,0,0,0,0,0,0,0,0,0,0,0,0,0,0,0,0,0,0,0,0,0,0,0,0,0,0,0,1,0,1,0,0,0,0,0,0,0,2,6,0,3,7,7,13,16,10,9,0,16,0,48,0,54,40,73,203,46,95,8,0,72,0,90,0,0,0,28,0,148,0,21,0,146,0,0,171,96,88,103,84,0,127,0,0,245,0,27,0,161,2,0,7
38,CAN,Alberta,Canada,53.9333,-116.5765,0,0,0,0,0,0,0,0,0,0,0,0,0,0,0,0,0,0,0,0,0,0,0,0,0,0,0,0,0,0,0,0,0,0,0,0,0,0,0,0,0,0,0,1,1,2,3,0,12,0,10,0,10,17,18,23,22,27,49,64,42,58,-1,128,56,0,79,40,29,64,215,0,106,106,69,123,0,50,28,116,0,165,138,0,126,401,165,241,105,187,306,319,297,216,247,216,154,315,190,218,97,96,70,57,70,54,81,59
39,CAN,British Columbia,Canada,49.2827,-123.1207,0,0,0,0,0,1,0,0,0,0,0,0,0,1,0,2,0,0,0,0,0,0,0,0,0,1,0,0,0,1,0,0,0,1,0,0,0,1,0,0,1,3,1,8,0,6,5,0,7,7,18,0,9,30,0,83,45,40,153,0,48,145,0,108,0,159,0,86,43,0,108,53,29,0,63,0,25,45,34,75,0,45,0,27,44,14,43,29,0,77,71,29,29,95,0,50,55,34,25,33,26,0,53,8,23,33,27,15
40,CAN,Grand Princess,Canada,37.6489,-122.6655,0,0,0,0,0,0,0,0,0,0,0,0,0,0,0,0,0,0,0,0,0,0,0,0,0,0,0,0,0,0,0,0,0,0,0,0,0,0,0,0,0,0,0,0,0,0,0,0,0,0,2,0,0,0,6,1,0,1,0,3,0,0,0,0,0,0,0,0,0,0,0,0,0,0,0,0,0,0,0,0,0,0,0,0,0,0,0,0,0,0,0,0,0,0,0,0,0,0,0,0,0,0,0,0,0,0,0,0
41,CAN,Manitoba,Canada,53.7609,-98.8139,0,0,0,0,0,0,0,0,0,0,0,0,0,0,0,0,0,0,0,0,0,0,0,0,0,0,0,0,0,0,0,0,0,0,0,0,0,0,0,0,0,0,0,0,0,0,0,0,0,0,4,0,0,3,1,7,2,0,1,2,0,1,14,1,3,25,8,24,7,24,40,15,0,21,0,14,0,4,9,13,-1,4,0,0,4,0,3,1,0,1,2,5,1,4,4,2,0,2,2,4,1,0,1,1,2,-3,1,0
42,CAN,New Brunswick,Canada,46.5653,-66.4619,0,0,0,0,0,0,0,0,0,0,0,0,0,0,0,0,0,0,0,0,0,0,0,0,0,0,0,0,0,0,0,0,0,0,0,0,0,0,0,0,0,0,0,0,0,0,0,0,1,0,0,0,1,4,2,3,0,0,6,0,0,1,0,15,12,6,15,2,2,11,10,0,0,7,5,2,0,3,4,0,2,2,0,1,0,0,0,1,0,0,0,0,0,0,0,0,0,0,0,0,0,0,0,1,1,0,0,0
43,CAN,Newfoundland and Labrador,Canada,53.1355,-57.6604,0,0,0,0,0,0,0,0,0,0,0,0,0,0,0,0,0,0,0,0,0,0,0,0,0,0,0,0,0,0,0,0,0,0,0,0,0,0,0,0,0,0,0,0,0,0,0,0,0,0,0,0,1,0,2,0,0,1,2,3,15,11,0,47,20,18,15,13,4,23,8,12,0,22,9,2,0,4,7,2,1,2,0,3,5,4,1,0,0,0,-1,0,0,1,1,0,0,0,0,1,0,0,0,0,0,2,0,0
44,CAN,Nova Scotia,Canada,44.682,-63.7443,0,0,0,0,0,0,0,0,0,0,0,0,0,0,0,0,0,0,0,0,0,0,0,0,0,0,0,0,0,0,0,0,0,0,0,0,0,0,0,0,0,0,0,0,0,0,0,0,0,0,0,0,0,5,2,5,2,1,6,7,13,10,17,5,17,20,12,5,20,26,20,14,29,26,31,17,0,32,65,21,17,29,43,32,30,27,43,26,46,16,35,55,23,15,8,27,15,20,12,12,4,8,14,6,7,9,1,3
45,CAN,Ontario,Canada,51.2538,-85.3232,0,0,0,1,0,0,0,0,2,0,0,0,0,0,0,0,0,0,0,0,0,0,0,0,0,0,0,0,0,0,0,0,1,0,0,2,0,5,4,3,2,0,2,3,3,1,5,2,5,1,32,5,25,73,8,36,36,51,69,48,78,85,100,170,136,150,211,351,260,426,401,462,375,724,-7,379,550,483,478,411,401,421,483,494,1393,616,557,548,502,652,1003,350,482,462,556,402,530,478,417,485,441,253,523,371,442,478,438,322
46,CAN,Prince Edward Island,Canada,46.5107,-63.4168,0,0,0,0,0,0,0,0,0,0,0,0,0,0,0,0,0,0,0,0,0,0,0,0,0,0,0,0,0,0,0,0,0,0,0,0,0,0,0,0,0,0,0,0,0,0,0,0,0,0,0,0,1,0,0,0,1,0,0,1,0,0,2,0,4,2,0,7,3,0,1,0,0,0,0,0,3,0,0,0,0,0,0,1,0,0,0,0,0,0,0,0,0,0,0,0,1,0,0,0,0,0,0,0,0,0,0,0
47,CAN,Quebec,Canada,52.9399,-73.5491,0,0,0,0,0,0,0,0,0,0,0,0,0,0,0,0,0,0,0,0,0,0,0,0,0,0,0,0,0,0,0,0,0,0,0,0,1,0,0,0,0,0,1,0,1,1,0,0,4,1,8,0,7,26,24,20,27,18,42,38,409,385,329,290,392,474,342,590,732,449,907,583,0,1843,636,760,691,881,765,615,554,711,691,612,997,941,723,429,1369,807,839,873,778,651,842,874,778,849,940,1106,1008,2209,758,794,909,915,912,836
48,CAN,Saskatchewan,Canada,52.9399,-106.4509,0,0,0,0,0,0,0,0,0,0,0,0,0,0,0,0,0,0,0,0,0,0,0,0,0,0,0,0,0,0,0,0,0,0,0,0,0,0,0,0,0,0,0,0,0,0,0,0,0,0,2,0,0,5,0,1,8,4,6,26,14,6,0,23,0,39,22,0,28,9,13,14,0,29,0,11,0,11,14,4,9,2,0,4,1,2,6,2,1,4,6,5,10,8,4,12,1,17,6,26,6,12,34,20,25,19,13,9
49,CAN,Diamond Princess,Canada,0.0,0.0,0,0,0,0,0,0,0,0,0,0,0,0,0,0,0,0,0,0,0,0,0,0,0,0,0,0,0,0,0,0,0,0,0,0,0,0,0,0,0,0,0,0,0,0,0,0,0,0,0,0,0,0,0,0,0,0,0,0,0,0,0,0,0,0,0,0,0,0,0,0,0,0,0,0,0,0,0,0,0,0,0,0,0,0,0,0,0,0,0,0,0,0,0,0,0,0,0,0,0,1,0,0,0,0,0,0,0,0
50,CAN,Recovered,Canada,0.0,0.0,0,0,0,0,0,0,0,0,0,0,0,0,0,0,0,0,0,0,0,0,0,0,0,0,0,0,0,0,0,0,0,0,0,0,0,0,0,0,0,0,0,0,0,0,0,0,0,0,0,0,0,0,0,0,0,0,0,0,0,0,0,0,0,0,0,0,0,0,0,0,0,0,0,0,0,0,0,0,0,0,0,0,0,0,0,0,0,0,0,0,0,0,0,0,0,0,0,0,0,0,0,0,0,0,0,0,0,0
51,CAN,Northwest Territories,Canada,64.8255,-124.8457,0,0,0,0,0,0,0,0,0,0,0,0,0,0,0,0,0,0,0,0,0,0,0,0,0,0,0,0,0,0,0,0,0,0,0,0,0,0,0,0,0,0,0,0,0,0,0,0,0,0,0,0,0,0,0,0,0,0,0,0,0,0,0,1,0,0,0,0,0,1,0,0,2,0,1,0,0,0,0,0,0,0,0,0,0,0,0,0,0,0,0,0,0,0,0,0,0,0,0,0,0,0,0,0,0,0,0,0
52,CAN,Yukon,Canada,64.2823,-135.0,0,0,0,0,0,0,0,0,0,0,0,0,0,0,0,0,0,0,0,0,0,0,0,0,0,0,0,0,0,0,0,0,0,0,0,0,0,0,0,0,0,0,0,0,0,0,0,0,0,0,0,0,0,0,0,0,0,0,0,0,0,0,0,3,0,1,0,0,1,0,1,0,0,0,0,1,0,0,1,0,0,0,0,0,0,0,1,0,2,0,0,0,0,0,0,0,0,0,0,0,0,0,0,0,0,0,0,0
53,CAF,,Central African Republic,6.6111,20.9394,0,0,0,0,0,0,0,0,0,0,0,0,0,0,0,0,0,0,0,0,0,0,0,0,0,0,0,0,0,0,0,0,0,0,0,0,0,0,0,0,0,0,0,0,0,0,0,0,0,0,0,0,1,0,0,0,0,2,0,0,0,0,0,0,0,0,0,0,0,0,0,5,0,0,0,0,0,0,0,0,0,3,0,1,0,0,0,0,0,2,0,2,0,0,3,0,31,0,0,22,0,0,13,0,9,0,49,0
54,TCD,,Chad,15.4542,18.7322,0,0,0,0,0,0,0,0,0,0,0,0,0,0,0,0,0,0,0,0,0,0,0,0,0,0,0,0,0,0,0,0,0,0,0,0,0,0,0,0,0,0,0,0,0,0,0,0,0,0,0,0,0,0,0,0,1,0,0,0,0,2,0,0,0,0,0,2,2,0,1,0,1,0,0,1,0,1,0,0,7,5,0,0,4,0,6,0,0,0,0,0,7,6,0,0,6,0,21,0,44,0,0,53,0,83,7,62
55,CHL,,Chile,-35.6751,-71.543,0,0,0,0,0,0,0,0,0,0,0,0,0,0,0,0,0,0,0,0,0,0,0,0,0,0,0,0,0,0,0,0,0,0,0,0,0,0,0,0,1,0,3,0,0,4,0,5,10,0,20,18,13,81,46,37,0,196,103,95,114,176,220,164,304,299,230,310,289,293,373,333,424,310,344,301,430,426,529,426,286,312,392,356,534,445,478,358,419,325,464,516,494,552,473,482,552,520,1138,985,1427,1228,980,1373,1032,1533,1391,1247
56,CHN,Anhui,China,31.8257,117.2264,8,6,24,21,10,36,46,48,37,60,43,68,72,50,61,74,68,46,51,30,29,21,24,16,12,11,9,4,1,1,1,0,0,0,0,0,1,0,0,0,0,0,0,0,0,0,0,0,0,0,0,0,0,0,0,0,0,0,0,0,0,0,0,0,0,0,0,0,0,0,0,0,0,0,0,0,0,1,0,0,0,0,0,0,0,0,0,0,0,0,0,0,0,0,0,0,0,0,0,0,0,0,0,0,0,0,0,0
57,CHN,Beijing,China,40.1824,116.4142,8,14,5,27,12,11,20,3,25,29,23,21,16,25,21,23,18,11,11,5,10,14,6,3,5,1,6,6,2,1,3,0,0,1,0,10,0,1,2,1,0,4,0,4,4,2,0,1,6,0,1,1,5,10,4,13,11,11,13,18,15,21,3,5,3,4,4,0,3,0,2,2,1,1,1,0,1,0,0,1,0,0,0,1,3,0,0,0,0,0,0,0,0,0,0,0,0,0,0,0,0,0,0,0,0,0,0,0
58,CHN,Chongqing,China,30.0572,107.874,3,18,30,18,35,22,15,35,29,36,53,37,29,23,22,15,2,40,18,19,13,11,8,7,7,2,2,5,7,5,1,2,1,0,0,0,0,0,0,0,0,0,0,0,0,0,0,0,0,0,0,0,0,0,0,0,0,0,0,1,1,0,0,0,0,0,1,0,0,0,0,0,0,0,0,0,0,0,0,0,0,0,0,0,0,0,0,0,0,0,0,0,0,0,0,0,0,0,0,0,0,0,0,0,0,0,0,0
59,CHN,Fujian,China,26.0789,117.9874,4,5,8,17,24,21,4,17,19,24,15,20,15,11,10,9,15,11,11,6,5,7,2,4,2,3,2,1,0,0,0,0,0,1,0,2,0,0,0,0,0,0,0,0,0,0,0,0,0,0,0,0,0,0,0,0,0,3,4,10,0,5,4,6,3,6,1,2,3,2,0,4,1,0,0,1,0,0,0,0,1,0,1,0,0,1,1,0,0,0,0,0,0,0,0,0,0,0,1,0,0,0,0,0,0,0,0,0
60,CHN,Gansu,China,37.8099,101.0583,2,0,2,3,7,5,5,2,3,11,11,4,2,5,0,5,12,4,0,3,1,3,0,0,0,1,0,0,0,0,0,0,0,0,0,0,0,0,0,0,0,0,11,17,1,4,0,1,2,0,0,2,4,0,0,0,1,0,0,2,0,0,0,0,0,0,2,0,0,0,0,0,0,0,1,0,0,0,0,0,0,0,0,0,0,0,0,0,0,0,0,0,0,0,0,0,0,0,0,0,0,0,0,0,0,0,0,0
61,CHN,Guangdong,China,23.3417,113.4244,6,21,25,33,40,56,70,77,82,99,97,93,88,82,75,64,61,36,28,18,42,22,20,33,22,6,6,3,1,1,6,3,3,2,0,0,1,1,0,1,0,0,1,1,0,0,0,1,3,0,0,0,4,1,3,6,8,17,5,13,2,13,5,15,8,11,8,9,10,7,6,7,2,8,8,1,3,3,5,4,4,3,9,2,5,6,2,1,1,1,0,3,0,1,1,0,1,0,0,0,0,0,0,0,1,0,0,0
62,CHN,Guangxi,China,23.8298,108.7881,3,18,0,13,10,5,7,20,9,13,11,16,12,11,18,4,11,12,15,5,7,0,4,9,2,1,4,2,1,1,3,0,2,1,0,0,0,0,0,0,0,0,0,0,0,0,0,0,0,0,0,0,0,0,1,0,0,1,0,0,0,0,0,0,0,0,0,0,0,0,0,0,0,0,0,0,0,0,0,0,0,0,0,0,0,0,0,0,0,0,0,0,0,0,0,0,0,0,0,0,0,0,0,0,0,0,0,0
63,CHN,Guizhou,China,26.8154,106.8748,2,0,1,1,2,2,0,3,17,0,9,8,12,6,7,10,8,10,10,18,6,2,5,3,1,2,0,0,0,0,0,0,0,0,0,0,0,0,0,0,0,0,0,0,0,0,0,0,0,0,0,0,0,0,1,-1,0,0,0,0,0,0,0,0,0,0,0,0,0,0,0,0,0,0,0,0,0,0,0,0,0,0,0,0,0,0,0,1,0,0,0,0,0,0,0,0,0,0,0,0,0,0,0,0,0,0,0,0
64,CHN,Hainan,China,19.1959,109.7453,1,3,11,3,11,7,3,3,6,10,2,8,8,19,7,11,7,7,7,6,13,0,2,3,0,1,0,5,0,0,0,0,0,0,0,0,0,0,0,0,0,0,0,0,0,0,0,0,0,0,0,0,0,0,0,0,0,0,0,0,0,0,0,0,0,0,0,0,0,0,0,0,0,0,0,0,0,0,0,0,0,0,0,0,0,0,0,0,0,0,0,0,0,0,0,0,0,0,0,0,0,0,0,0,0,0,0,0
65,CHN,Hebei,China,39.549,116.1306,0,1,6,5,5,15,15,17,17,14,8,9,13,9,22,15,23,11,12,21,12,14,18,8,9,1,5,0,1,1,1,2,0,0,1,5,1,0,0,0,0,0,0,0,0,0,0,0,0,0,0,0,0,0,0,0,0,0,0,1,0,0,0,0,0,0,0,2,0,2,2,1,0,1,0,0,0,0,0,0,0,0,0,0,1,0,0,0,0,0,0,0,0,0,0,0,0,0,0,0,0,0,0,0,0,0,0,0
66,CHN,Heilongjiang,China,47.862,127.7615,2,2,5,6,6,12,5,6,15,21,15,26,34,35,37,50,18,12,24,29,18,17,24,6,20,12,7,6,6,3,0,1,0,0,0,0,0,0,0,0,0,0,1,0,0,0,0,0,1,0,0,0,0,0,0,0,1,1,0,0,0,0,0,0,0,0,0,0,0,0,4,1,2,13,20,20,25,40,29,23,23,56,79,22,20,11,20,6,7,8,8,7,2,5,1,3,0,0,5,0,0,0,0,0,0,0,0,0
67,CHN,Henan,China,33.882,113.614,0,4,23,51,45,40,38,72,74,70,71,73,109,89,87,63,67,52,40,32,30,34,15,28,19,15,11,5,3,2,3,1,0,0,0,1,0,0,0,0,0,0,0,0,0,0,0,0,1,0,0,0,0,0,0,0,0,0,0,1,0,0,0,1,0,0,1,0,0,0,0,0,0,0,0,0,0,0,0,0,0,0,0,0,0,0,0,0,0,0,0,0,0,0,0,0,0,0,0,0,0,0,0,0,0,0,0,0
68,CHN,Hong Kong,China,22.3,114.2,2,0,3,3,0,0,2,0,2,1,2,0,2,4,3,1,1,3,9,11,1,3,3,0,1,3,2,1,5,0,1,5,5,5,7,1,2,1,1,4,0,5,0,2,1,6,1,5,6,3,5,6,5,10,7,19,27,48,17,44,39,30,24,43,66,42,80,41,32,51,37,43,17,28,24,21,25,13,16,11,4,5,3,5,0,4,3,1,0,4,4,2,0,2,0,0,0,0,0,2,0,0,1,0,0,4,0,0
69,CHN,Hubei,China,30.9756,112.2707,0,105,212,297,365,2131,0,1349,903,1347,4024,2345,3156,2987,2447,2841,2147,2531,2097,1638,0,14840,6200,1843,1933,1807,1693,349,411,220,1422,0,203,499,401,409,318,423,570,196,114,115,134,126,74,41,36,17,13,8,5,4,4,4,1,1,0,0,0,0,0,1,0,0,0,0,0,0,0,1,0,0,1,0,0,0,0,0,0,0,0,0,0,0,0,325,0,0,0,0,0,0,0,0,0,0,0,0,0,0,0,0,0,0,0,0,0,1
70,CHN,Hunan,China,27.6104,111.7088,5,15,19,26,31,43,78,56,55,57,74,58,72,68,50,61,31,35,41,33,34,22,20,13,3,2,1,1,2,1,2,3,0,0,0,1,0,1,0,0,0,0,0,0,0,0,0,0,0,0,0,0,0,0,0,0,0,0,0,0,0,0,0,0,0,0,0,0,0,0,1,0,0,0,0,0,0,0,0,0,0,0,0,0,0,0,0,0,0,0,0,0,0,0,0,0,0,0,0,0,0,0,0,0,0,0,0,0
71,CHN,Inner Mongolia,China,44.0935,113.9448,0,1,6,0,4,4,1,3,1,3,4,7,1,7,4,4,2,2,4,0,2,1,4,3,2,2,1,2,0,0,0,0,0,0,0,0,0,0,0,0,0,0,0,0,0,0,0,0,0,0,0,0,0,0,0,0,0,0,0,0,0,0,2,12,3,2,1,2,10,4,6,0,0,0,1,3,3,2,2,27,34,1,0,0,3,0,0,0,1,0,0,0,3,1,0,1,0,1,1,0,0,0,0,0,0,0,0,0
72,CHN,Jiangsu,China,32.9711,119.455,4,4,9,15,14,23,29,30,39,34,34,35,37,33,32,35,31,29,24,23,28,27,23,11,13,9,3,2,0,0,0,0,0,0,0,0,0,0,0,0,0,0,0,0,0,0,0,0,0,0,0,0,0,0,0,0,0,0,0,2,0,3,2,2,1,0,3,1,1,0,1,4,0,0,0,0,0,0,0,1,1,0,0,0,0,0,0,0,0,0,0,0,0,0,0,0,0,0,0,0,0,0,0,0,0,0,0,0
73,CHN,Jiangxi,China,27.614,115.7221,5,11,0,18,36,37,0,53,78,46,47,58,85,72,52,61,37,42,31,33,40,28,28,13,12,5,3,1,0,0,0,0,0,0,0,0,1,0,0,0,0,0,0,0,0,0,0,0,0,0,0,0,0,0,0,0,0,0,0,1,0,0,0,0,0,0,1,0,0,0,0,0,0,0,0,0,0,0,0,0,0,0,0,0,0,0,0,0,0,0,0,0,0,0,0,0,0,0,0,0,0,0,0,0,0,0,0,0
74,CHN,Jilin,China,43.6661,126.1923,1,2,1,0,2,2,1,5,0,3,6,8,11,12,5,6,4,9,2,1,2,1,2,2,1,0,0,1,1,0,0,0,2,0,0,0,0,0,0,0,0,0,0,0,0,0,0,0,0,0,0,0,0,0,0,0,0,0,0,0,0,0,1,1,0,2,1,0,0,0,0,0,0,0,0,0,0,0,0,0,1,1,0,2,0,0,0,2,0,2,0,2,1,0,1,0,0,1,0,1,0,0,0,0,0,1,0,11
75,CHN,Liaoning,China,41.2956,122.6085,1,1,13,4,6,7,5,2,7,16,6,4,7,8,5,5,6,2,1,3,5,1,2,0,2,0,0,0,0,0,0,0,0,0,0,0,0,0,1,0,3,0,0,0,0,0,0,0,0,0,0,0,0,0,0,0,0,1,0,1,0,0,0,1,0,4,2,2,3,1,1,0,0,1,0,2,0,0,0,1,0,0,0,0,0,1,0,0,0,0,0,0,0,0,0,0,0,0,0,0,0,0,0,0,0,0,0,0
76,CHN,Macau,China,22.1667,113.55,1,0,0,3,1,1,0,0,0,0,1,0,2,0,0,0,0,0,0,0,0,0,0,0,0,0,0,0,0,0,0,0,0,0,0,0,0,0,0,0,0,0,0,0,0,0,0,0,0,0,0,0,0,1,1,3,2,0,1,6,0,1,5,1,2,4,0,1,3,0,0,2,0,1,0,0,1,0,0,0,0,0,0,0,0,0,0,0,0,0,0,0,0,0,0,0,0,0,0,0,0,0,0,0,0,0,0,0
77,CHN,Ningxia,China,37.2692,106.1655,0,1,1,1,3,4,1,5,4,5,2,3,3,0,6,3,2,0,4,4,5,6,3,3,0,0,0,1,0,0,0,0,0,0,0,1,0,1,0,1,0,1,0,0,0,0,0,0,0,0,0,0,0,0,0,0,0,0,0,0,0,0,0,0,0,0,0,0,0,0,0,0,0,0,0,0,0,0,0,0,0,0,0,0,0,0,0,0,0,0,0,0,0,0,0,0,0,0,0,0,0,0,0,0,0,0,0,0
78,CHN,Qinghai,China,35.7452,95.9956,0,0,1,0,5,0,0,2,0,1,2,2,2,2,1,0,0,0,0,0,0,0,0,0,0,0,0,0,0,0,0,0,0,0,0,0,0,0,0,0,0,0,0,0,0,0,0,0,0,0,0,0,0,0,0,0,0,0,0,0,0,0,0,0,0,0,0,0,0,0,0,0,0,0,0,0,0,0,0,0,0,0,0,0,0,0,0,0,0,0,0,0,0,0,0,0,0,0,0,0,0,0,0,0,0,0,0,0
79,CHN,Shaanxi,China,35.1917,108.8701,3,2,10,7,13,11,10,7,24,14,15,12,14,23,8,11,11,13,5,6,6,4,1,2,4,4,0,2,3,0,0,0,0,0,0,0,0,0,0,0,0,0,0,0,0,0,0,0,0,0,0,0,0,0,1,0,0,1,1,0,0,1,1,3,0,0,0,0,0,2,0,0,1,0,0,0,0,0,0,0,0,0,0,0,0,0,0,0,0,21,2,0,7,0,0,0,20,0,0,0,0,0,0,2,0,0,0,0
80,CHN,Shandong,China,36.3427,118.1498,4,9,12,19,29,20,35,28,26,22,24,29,16,32,40,39,30,28,22,21,10,12,14,9,5,4,2,1,2,203,1,4,1,1,0,0,0,0,2,0,0,0,0,0,0,0,0,0,2,0,0,0,0,0,1,0,0,1,2,3,1,0,1,2,1,0,0,1,1,0,1,3,0,1,1,1,2,0,0,1,0,0,0,0,0,3,0,0,0,0,0,0,0,0,0,0,0,0,0,0,0,1,0,0,0,0,0,0
81,CHN,Shanghai,China,31.202,121.4491,7,4,13,7,13,13,30,16,23,34,13,21,16,24,14,20,9,7,6,4,8,4,3,8,2,5,0,0,1,0,1,0,0,1,1,0,0,0,0,0,1,0,1,3,0,0,0,2,0,0,2,7,0,2,3,3,2,8,9,24,0,10,19,18,17,17,7,6,11,7,6,4,3,2,5,2,5,9,3,0,52,11,0,4,6,0,0,7,3,0,1,2,0,1,0,2,1,2,5,0,0,3,1,0,1,0,0,2
82,CHN,Shanxi,China,37.5777,112.2922,0,0,5,3,4,14,0,8,4,8,19,8,7,0,15,8,11,4,0,5,2,0,1,1,1,1,1,0,1,0,0,0,1,0,0,0,0,0,0,0,0,0,0,0,0,0,0,0,0,0,0,0,0,0,0,0,0,0,0,0,1,0,0,1,0,0,1,0,0,1,0,0,0,1,0,0,25,3,2,4,0,1,0,13,8,3,0,0,0,0,0,0,0,0,0,0,0,0,0,0,0,1,0,0,0,0,0,0
83,CHN,Sichuan,China,30.6171,102.7103,3,7,13,16,25,21,18,34,35,30,24,23,28,19,20,23,20,22,19,12,19,15,12,7,11,14,13,6,6,5,1,0,1,2,2,3,4,0,0,0,0,0,1,0,0,0,0,0,0,0,0,0,0,0,1,0,0,1,1,1,0,2,2,0,1,0,2,0,0,2,2,1,2,1,1,1,0,0,0,0,0,0,0,0,0,0,1,0,0,0,0,0,0,0,0,0,0,0,0,0,0,0,0,0,0,0,0,0
84,CHN,Tianjin,China,39.3054,117.323,0,4,2,4,9,1,3,4,1,9,7,12,7,2,10,2,7,3,4,11,6,7,1,2,2,1,3,2,1,1,3,0,0,0,0,1,0,0,0,0,0,0,0,0,0,0,0,0,0,0,0,0,0,0,0,0,1,0,0,0,4,4,0,6,4,6,5,8,0,2,0,4,0,0,0,0,0,2,1,0,0,1,1,0,1,3,0,0,0,0,0,0,1,0,0,0,0,0,0,0,0,0,0,0,0,0,1,0
85,CHN,Tibet,China,31.6927,88.0924,0,0,0,0,0,0,0,1,0,0,0,0,0,0,0,0,0,0,0,0,0,0,0,0,0,0,0,0,0,0,0,0,0,0,0,0,0,0,0,0,0,0,0,0,0,0,0,0,0,0,0,0,0,0,0,0,0,0,0,0,0,0,0,0,0,0,0,0,0,0,0,0,0,0,0,0,0,0,0,0,0,0,0,0,0,0,0,0,0,0,0,0,0,0,0,0,0,0,0,0,0,0,0,0,0,0,0,0
86,CHN,Xinjiang,China,41.1129,85.2401,2,0,1,1,1,5,3,1,3,1,3,3,5,3,4,3,3,3,4,6,4,4,2,5,1,4,1,0,0,0,0,0,0,0,0,0,0,0,0,0,0,0,0,0,0,0,0,0,0,0,0,0,0,0,0,0,0,0,0,0,0,0,0,0,0,0,0,0,0,0,0,0,0,0,0,0,0,0,0,0,0,0,0,0,0,0,0,0,0,0,0,0,0,0,0,0,0,0,0,0,0,0,0,0,0,0,0,0
87,CHN,Yunnan,China,24.974,101.487,1,3,6,5,10,18,11,15,13,10,12,12,5,6,5,5,0,3,8,4,1,2,6,6,3,0,1,0,2,0,0,0,0,0,0,0,0,0,0,0,0,0,0,0,0,0,0,0,0,0,0,0,0,2,0,0,0,0,0,0,0,0,0,2,2,0,0,0,2,0,1,1,0,0,0,0,0,0,0,0,0,0,0,0,0,0,0,0,0,0,0,0,1,0,0,0,0,0,0,0,0,0,0,0,0,0,0,0
88,CHN,Zhejiang,China,29.1832,120.0934,17,16,19,42,24,45,123,132,110,61,62,63,105,66,59,52,42,27,17,25,14,14,10,7,5,4,1,2,1,28,2,0,0,0,0,0,0,0,0,1,7,0,2,0,0,0,0,0,0,0,0,12,4,0,1,0,1,1,2,2,0,2,1,2,4,4,3,1,2,0,1,2,2,1,1,1,1,1,0,0,0,0,0,1,0,0,0,0,0,0,0,0,0,0,0,0,0,0,0,0,0,0,0,0,0,0,0,0
89,COL,,Colombia,4.5709,-74.2973,0,0,0,0,0,0,0,0,0,0,0,0,0,0,0,0,0,0,0,0,0,0,0,0,0,0,0,0,0,0,0,0,0,0,0,0,0,0,0,0,0,0,0,1,0,0,0,2,6,0,4,9,12,20,11,28,9,26,68,35,46,101,92,21,48,69,94,96,108,159,96,106,139,79,94,201,274,169,250,236,67,76,127,126,128,206,0,353,185,172,207,205,320,261,237,218,352,258,300,499,279,383,305,640,346,497,595,444
90,COM,,Comoros,-11.6455,43.3333,0,0,0,0,0,0,0,0,0,0,0,0,0,0,0,0,0,0,0,0,0,0,0,0,0,0,0,0,0,0,0,0,0,0,0,0,0,0,0,0,0,0,0,0,0,0,0,0,0,0,0,0,0,0,0,0,0,0,0,0,0,0,0,0,0,0,0,0,0,0,0,0,0,0,0,0,0,0,0,0,0,0,0,0,0,0,0,0,0,0,0,0,0,0,0,0,0,0,1,0,2,0,0,0,5,0,0,3
91,COG,,Congo (Kinshasa),-4.0383,21.7587,0,0,0,0,0,0,0,0,0,0,0,0,0,0,0,0,0,0,0,0,0,0,0,0,0,0,0,0,0,0,0,0,0,0,0,0,0,0,0,0,0,0,0,0,0,0,0,0,1,0,1,0,0,0,1,1,10,4,5,7,6,9,3,3,0,14,0,16,17,11,25,0,20,0,7,19,0,0,35,8,11,1,6,13,13,20,20,20,5,18,9,18,17,22,26,17,12,20,81,32,70,0,8,23,92,66,74,0
92,COD,,Congo (Brazzaville),-4.0383,21.7587,0,0,0,0,0,0,0,0,0,0,0,0,0,0,0,0,0,0,0,0,0,0,0,0,0,0,0,0,0,0,0,0,0,0,0,0,0,0,0,0,0,0,0,0,0,0,0,0,0,0,0,0,1,0,0,0,2,0,0,0,1,0,0,0,0,0,15,0,0,0,3,0,0,23,0,0,0,15,0,0,0,0,0,57,0,26,0,0,17,5,21,0,14,0,0,0,7,0,13,9,0,0,7,0,28,0,10,0
93,CRI,,Costa Rica,9.7489,-83.7534,0,0,0,0,0,0,0,0,0,0,0,0,0,0,0,0,0,0,0,0,0,0,0,0,0,0,0,0,0,0,0,0,0,0,0,0,0,0,0,0,0,0,0,1,0,4,4,0,4,9,1,3,1,8,6,9,19,20,28,17,24,19,24,30,32,32,19,16,17,28,21,20,19,19,13,16,19,37,19,19,18,17,6,8,16,7,6,5,2,7,12,5,1,6,2,2,8,8,6,6,8,6,3,13,6,4,8,7
94,CIV,,Cote d'Ivoire,7.54,-5.5471,0,0,0,0,0,0,0,0,0,0,0,0,0,0,0,0,0,0,0,0,0,0,0,0,0,0,0,0,0,0,0,0,0,0,0,0,0,0,0,0,0,0,0,0,0,0,0,0,1,0,0,0,0,0,4,1,3,0,5,0,11,48,7,16,5,0,64,3,11,11,4,24,27,16,62,26,35,60,0,89,41,52,12,0,16,34,113,46,0,69,36,52,73,0,73,14,19,55,37,58,29,36,34,32,52,55,31,65
95,HRV,,Croatia,45.1,15.2,0,0,0,0,0,0,0,0,0,0,0,0,0,0,0,0,0,0,0,0,0,0,0,0,0,0,0,0,0,0,0,0,0,1,2,0,2,1,1,0,2,1,0,1,1,0,0,2,5,0,13,6,11,8,8,16,24,23,78,48,61,67,60,53,91,71,56,77,77,96,48,68,47,56,40,60,61,64,88,39,66,50,54,37,50,23,18,39,10,27,42,31,28,7,14,9,8,15,14,9,3,8,5,11,7,6,36,15
96,CUB,,Cuba,22.0,-80.0,0,0,0,0,0,0,0,0,0,0,0,0,0,0,0,0,0,0,0,0,0,0,0,0,0,0,0,0,0,0,0,0,0,0,0,0,0,0,0,0,0,0,0,0,0,0,0,0,0,3,1,0,0,0,1,2,4,5,5,14,5,8,9,10,13,39,20,31,16,26,21,36,19,32,30,46,61,58,49,56,49,57,40,48,48,61,63,49,52,50,52,46,50,52,32,20,48,30,34,36,74,38,19,17,18,26,12,13
97,CYP,,Cyprus,35.1264,33.4299,0,0,0,0,0,0,0,0,0,0,0,0,0,0,0,0,0,0,0,0,0,0,0,0,0,0,0,0,0,0,0,0,0,0,0,0,0,0,0,0,0,0,0,0,0,0,2,1,3,0,8,12,0,7,13,3,18,0,17,11,21,8,8,14,16,17,35,16,32,58,36,40,30,20,19,29,32,38,31,21,17,29,33,20,20,15,11,6,5,12,6,5,9,6,7,5,15,6,7,7,7,8,2,4,5,6,2,1
98,CZE,,Czechia,49.8175,15.473,0,0,0,0,0,0,0,0,0,0,0,0,0,0,0,0,0,0,0,0,0,0,0,0,0,0,0,0,0,0,0,0,0,0,0,0,0,0,3,0,2,3,4,6,1,12,0,10,50,3,47,48,64,45,98,68,230,139,162,125,116,158,260,271,354,352,186,184,307,200,350,233,381,115,235,195,295,257,163,99,160,68,52,105,217,116,57,140,154,133,99,55,86,79,52,41,59,75,103,55,18,26,38,77,78,57,46,18
99,DNK,Faroe Islands,Denmark,61.8926,-6.9118,0,0,0,0,0,0,0,0,0,0,0,0,0,0,0,0,0,0,0,0,0,0,0,0,0,0,0,0,0,0,0,0,0,0,0,0,0,0,0,0,0,1,0,0,0,1,0,0,0,0,1,6,2,7,29,11,14,8,12,23,3,4,10,8,4,11,4,9,1,4,4,2,2,0,2,1,0,0,0,0,0,0,0,0,0,0,0,1,0,0,0,2,0,0,0,0,0,0,0,0,0,0,0,0,0,0,0,0
100,DNK,Greenland,Denmark,71.7069,-42.6043,0,0,0,0,0,0,0,0,0,0,0,0,0,0,0,0,0,0,0,0,0,0,0,0,0,0,0,0,0,0,0,0,0,0,0,0,0,0,0,0,0,0,0,0,0,0,0,0,0,0,0,0,0,1,0,0,1,0,0,2,0,1,1,0,4,0,0,0,0,0,0,0,1,0,0,0,0,0,0,0,0,0,0,0,0,0,0,0,0,0,0,0,0,0,0,0,0,0,0,0,0,0,0,0,0,0,0,0
101,DNK,,Denmark,56.2639,9.5018,0,0,0,0,0,0,0,0,0,0,0,0,0,0,0,0,0,0,0,0,0,0,0,0,0,0,0,0,0,0,0,0,0,0,0,1,0,2,1,0,2,4,0,13,0,12,55,172,180,173,186,26,37,50,63,80,94,104,71,69,55,141,133,153,169,155,194,182,283,247,279,371,320,292,312,390,331,233,184,177,178,144,193,170,198,194,169,142,131,180,217,161,137,235,130,123,153,157,150,153,96,116,147,151,117,145,135,101
102,DJI,,Djibouti,11.8251,42.5903,0,0,0,0,0,0,0,0,0,0,0,0,0,0,0,0,0,0,0,0,0,0,0,0,0,0,0,0,0,0,0,0,0,0,0,0,0,0,0,0,0,0,0,0,0,0,0,0,0,0,0,0,0,0,0,1,0,0,0,0,2,0,8,0,1,2,4,0,12,3,7,9,1,9,31,0,45,0,15,37,27,84,65,72,156,141,0,114,0,99,29,12,13,9,15,12,37,5,12,8,15,0,4,4,4,9,2,54
103,DMA,,Dominica,15.415,-61.371,0,0,0,0,0,0,0,0,0,0,0,0,0,0,0,0,0,0,0,0,0,0,0,0,0,0,0,0,0,0,0,0,0,0,0,0,0,0,0,0,0,0,0,0,0,0,0,0,0,0,0,0,0,0,0,0,0,0,0,1,1,0,5,4,0,0,0,0,1,0,0,0,2,0,1,0,0,0,1,0,0,0,0,0,0,0,0,0,0,0,0,0,0,0,0,0,0,0,0,0,0,0,0,0,0,0,0,0
104,DOM,,Dominican Republic,18.7357,-70.1627,0,0,0,0,0,0,0,0,0,0,0,0,0,0,0,0,0,0,0,0,0,0,0,0,0,0,0,0,0,0,0,0,0,0,0,0,0,0,1,0,0,0,0,1,0,3,0,0,0,0,0,6,0,0,10,0,13,38,40,90,43,67,80,96,93,138,140,42,208,175,96,108,0,257,83,128,155,238,271,139,208,200,119,328,141,371,209,345,284,80,256,243,206,177,209,158,123,236,320,316,290,376,281,245,327,288,281,506
105,ECU,,Ecuador,-1.8312,-78.1834,0,0,0,0,0,0,0,0,0,0,0,0,0,0,0,0,0,0,0,0,0,0,0,0,0,0,0,0,0,0,0,0,0,0,0,0,0,0,6,0,1,3,3,0,0,1,1,0,2,0,0,11,0,9,21,53,88,168,139,283,192,101,91,230,192,228,101,38,278,508,415,205,97,181,101,0,703,515,2196,96,209,63,74,255,367,225,572,446,660,270,452,333,11536,0,0,521,1018,417,259,1402,1128,2074,2343,0,0,-1583,-1480,253
106,EGY,,Egypt,26.0,30.0,0,0,0,0,0,0,0,0,0,0,0,0,0,0,0,0,0,0,0,0,0,0,1,0,0,0,0,0,0,0,0,0,0,0,0,0,0,0,1,0,0,0,1,12,0,34,6,4,1,7,13,29,1,40,46,0,60,29,9,33,39,36,54,39,41,40,33,47,54,69,86,120,85,103,149,128,110,139,95,145,126,125,160,155,168,171,188,112,189,157,169,232,201,227,215,248,260,226,269,358,298,272,348,388,387,393,495,488
107,SLV,,El Salvador,13.7942,-88.8965,0,0,0,0,0,0,0,0,0,0,0,0,0,0,0,0,0,0,0,0,0,0,0,0,0,0,0,0,0,0,0,0,0,0,0,0,0,0,0,0,0,0,0,0,0,0,0,0,0,0,0,0,0,0,0,0,1,0,2,0,0,2,4,4,0,6,5,6,2,0,9,5,10,6,7,9,15,10,14,1,7,12,12,10,5,13,13,11,17,7,12,13,24,0,24,25,22,32,18,29,22,44,65,32,46,62,47,42
108,GNQ,,Equatorial Guinea,1.5,10.0,0,0,0,0,0,0,0,0,0,0,0,0,0,0,0,0,0,0,0,0,0,0,0,0,0,0,0,0,0,0,0,0,0,0,0,0,0,0,0,0,0,0,0,0,0,0,0,0,0,0,0,0,1,0,0,3,2,0,0,0,3,0,0,3,0,0,0,0,0,3,0,1,0,0,0,0,2,0,0,0,3,0,20,10,0,28,0,0,0,4,1,0,130,44,0,0,57,0,0,0,0,0,0,0,124,0,0,0
109,ERI,,Eritrea,15.1794,39.7823,0,0,0,0,0,0,0,0,0,0,0,0,0,0,0,0,0,0,0,0,0,0,0,0,0,0,0,0,0,0,0,0,0,0,0,0,0,0,0,0,0,0,0,0,0,0,0,0,0,0,0,0,0,0,0,0,0,0,1,0,0,0,3,2,0,0,6,0,3,0,7,0,7,0,2,0,2,0,1,0,0,0,0,1,0,0,4,0,0,0,0,0,0,0,0,0,0,0,0,0,0,0,0,0,0,0,0,0
110,EST,,Estonia,58.5953,25.0136,0,0,0,0,0,0,0,0,0,0,0,0,0,0,0,0,0,0,0,0,0,0,0,0,0,0,0,0,0,0,0,0,0,0,0,1,0,0,0,0,1,0,1,7,0,0,0,2,4,0,63,36,56,34,20,33,9,16,23,20,26,17,35,134,37,70,34,36,30,34,79,103,78,58,11,41,36,22,51,46,5,23,41,27,34,25,53,16,7,17,7,33,13,30,8,4,13,6,23,5,5,1,3,8,2,7,5,8
111,SWZ,,Eswatini,-26.5225,31.4659,0,0,0,0,0,0,0,0,0,0,0,0,0,0,0,0,0,0,0,0,0,0,0,0,0,0,0,0,0,0,0,0,0,0,0,0,0,0,0,0,0,0,0,0,0,0,0,0,0,0,0,1,0,0,0,0,0,0,0,3,0,0,0,2,3,0,0,0,0,0,0,0,0,0,1,0,2,0,0,0,2,1,0,0,1,0,6,0,2,7,0,0,5,20,3,6,6,20,9,6,2,4,4,3,4,30,6,4
112,ETH,,Ethiopia,9.145,40.4897,0,0,0,0,0,0,0,0,0,0,0,0,0,0,0,0,0,0,0,0,0,0,0,0,0,0,0,0,0,0,0,0,0,0,0,0,0,0,0,0,0,0,0,0,0,0,0,0,0,0,1,0,0,4,0,1,0,3,0,2,0,1,0,0,4,0,5,2,3,3,0,6,3,5,1,8,3,1,9,4,2,3,8,3,7,4,9,3,3,3,2,0,1,5,1,1,2,4,1,2,0,2,5,5,17,29,3,16
113,FJI,,Fiji,-17.7134,178.065,0,0,0,0,0,0,0,0,0,0,0,0,0,0,0,0,0,0,0,0,0,0,0,0,0,0,0,0,0,0,0,0,0,0,0,0,0,0,0,0,0,0,0,0,0,0,0,0,0,0,0,0,0,0,0,0,1,0,0,1,1,1,1,0,0,0,0,0,0,0,2,0,5,0,2,1,0,0,1,0,0,0,0,0,1,0,0,0,1,0,0,0,0,0,0,0,0,0,0,0,0,0,0,0,0,0,0,0
114,FIN,,Finland,64.0,26.0,0,0,0,0,0,0,1,0,0,0,0,0,0,0,0,0,0,0,0,0,0,0,0,0,0,0,0,0,0,0,0,0,0,0,1,0,0,1,3,0,0,0,6,3,0,8,7,10,19,0,96,70,19,33,44,15,64,50,73,103,74,92,88,78,83,126,73,112,66,28,72,97,267,45,249,132,179,118,164,136,69,90,97,76,132,120,192,102,85,146,115,155,111,80,101,119,45,166,89,56,125,78,73,85,161,100,65,142
115,FRA,French Guiana,France,3.9339,-53.1258,0,0,0,0,0,0,0,0,0,0,0,0,0,0,0,0,0,0,0,0,0,0,0,0,0,0,0,0,0,0,0,0,0,0,0,0,0,0,0,0,0,0,0,0,5,0,0,0,0,0,0,0,2,4,0,0,0,4,3,0,2,3,5,0,0,0,0,15,0,8,0,6,4,0,11,0,5,6,0,0,3,0,0,0,0,10,0,0,1,0,0,10,4,0,0,0,14,0,1,2,0,0,5,0,5,0,3,0
116,FRA,French Polynesia,France,-17.6797,149.4068,0,0,0,0,0,0,0,0,0,0,0,0,0,0,0,0,0,0,0,0,0,0,0,0,0,0,0,0,0,0,0,0,0,0,0,0,0,0,0,0,0,0,0,0,0,0,0,0,0,0,3,0,0,0,0,0,3,5,4,3,0,7,0,5,0,0,0,6,0,1,0,2,1,1,1,5,4,0,0,0,2,2,0,0,0,0,0,0,1,0,1,0,0,0,0,0,1,0,0,0,0,0,0,2,0,0,0,0
117,FRA,Guadeloupe,France,16.25,-61.5833,0,0,0,0,0,0,0,0,0,0,0,0,0,0,0,0,0,0,0,0,0,0,0,0,0,0,0,0,0,0,0,0,0,0,0,0,0,0,0,0,0,0,0,0,0,0,0,0,0,0,1,0,2,3,12,9,6,12,8,5,4,0,11,0,0,29,4,0,8,11,3,2,4,1,0,4,2,0,2,0,0,0,2,0,0,0,3,0,0,0,0,0,1,0,0,0,0,0,2,1,0,0,0,0,0,1,1,0
118,FRA,Mayotte,France,-12.8275,45.1662,0,0,0,0,0,0,0,0,0,0,0,0,0,0,0,0,0,0,0,0,0,0,0,0,0,0,0,0,0,0,0,0,0,0,0,0,0,0,0,0,0,0,0,0,0,0,0,0,0,0,0,0,1,0,0,2,0,3,1,4,13,12,0,0,14,13,0,19,12,0,22,12,6,13,0,24,0,13,7,5,0,11,10,0,16,12,9,17,0,40,15,0,28,26,21,0,59,0,79,0,0,111,36,53,0,115,0,134
119,FRA,New Caledonia,France,-20.9043,165.618,0,0,0,0,0,0,0,0,0,0,0,0,0,0,0,0,0,0,0,0,0,0,0,0,0,0,0,0,0,0,0,0,0,0,0,0,0,0,0,0,0,0,0,0,0,0,0,0,0,0,0,0,0,0,0,0,2,0,2,0,4,2,4,0,1,0,0,0,1,0,2,0,-1,1,0,0,0,0,0,0,0,0,0,0,0,0,0,0,0,0,0,0,0,0,0,0,0,0,0,0,0,0,0,0,0,0,0,0
120,FRA,Reunion,France,-21.1351,55.2471,0,0,0,0,0,0,0,0,0,0,0,0,0,0,0,0,0,0,0,0,0,0,0,0,0,0,0,0,0,0,0,0,0,0,0,0,0,0,0,0,0,0,0,0,0,0,0,0,1,0,4,1,1,2,0,3,2,14,17,19,7,23,17,24,10,38,0,41,23,34,27,13,13,10,5,9,0,4,20,6,1,2,0,0,3,8,5,1,0,2,0,2,0,5,0,1,0,2,0,2,1,0,1,0,1,2,-1,5
121,FRA,Saint Barthelemy,France,17.9,-62.8333,0,0,0,0,0,0,0,0,0,0,0,0,0,0,0,0,0,0,0,0,0,0,0,0,0,0,0,0,0,0,0,0,0,0,0,0,0,0,0,0,0,3,0,0,0,0,-2,0,0,0,0,0,0,2,0,0,0,0,0,0,0,0,0,0,2,0,0,1,0,0,0,0,0,0,0,0,0,0,0,0,0,0,0,0,0,0,0,0,0,0,0,0,0,0,0,0,0,0,0,0,0,0,0,0,0,0,0,0
122,FRA,St Martin,France,18.0708,-63.0501,0,0,0,0,0,0,0,0,0,0,0,0,0,0,0,0,0,0,0,0,0,0,0,0,0,0,0,0,0,0,0,0,0,0,0,0,0,0,0,0,0,0,0,0,0,0,2,0,0,0,0,0,0,0,0,1,1,0,0,1,3,0,3,0,0,0,0,4,0,0,7,0,2,8,0,0,0,0,0,0,0,0,0,3,0,0,2,0,0,0,1,0,0,0,0,0,0,0,0,0,0,0,0,0,0,0,0,1
123,FRA,Martinique,France,14.6415,-61.0242,0,0,0,0,0,0,0,0,0,0,0,0,0,0,0,0,0,0,0,0,0,0,0,0,0,0,0,0,0,0,0,0,0,0,0,0,0,0,0,0,0,0,0,0,2,0,0,0,1,0,0,6,0,6,1,3,4,9,0,12,9,4,9,0,15,12,0,0,35,7,3,5,2,4,2,1,2,0,1,0,0,2,0,1,0,0,0,5,0,0,1,0,6,5,0,0,0,0,3,1,0,0,2,0,1,1,3,0
124,FRA,,France,46.2276,2.2137,0,2,1,0,0,1,1,0,0,1,0,0,0,0,0,0,5,0,0,0,0,0,0,1,0,0,0,0,0,0,0,0,0,2,4,20,19,43,30,61,13,81,92,276,296,177,83,575,497,0,1380,808,30,2134,1019,1391,1828,1741,1670,1736,3838,2448,2929,3922,3809,4611,2599,4376,7578,4861,2116,5233,4267,1873,3912,3777,3881,4286,4342,3114,26843,3665,4959,3216,12471,1979,-17,4902,2380,2733,-2206,2311,1610,1656,555,3742,3016,-2512,671,0,1212,296,614,1049,3530,575,1278,440
125,FRA,Saint Pierre and Miquelon,France,46.8852,-56.3159,0,0,0,0,0,0,0,0,0,0,0,0,0,0,0,0,0,0,0,0,0,0,0,0,0,0,0,0,0,0,0,0,0,0,0,0,0,0,0,0,0,0,0,0,0,0,0,0,0,0,0,0,0,0,0,0,0,0,0,0,0,0,0,0,0,0,0,0,0,0,0,0,0,1,0,0,0,0,0,0,0,0,0,0,0,0,0,0,0,0,0,0,0,0,0,0,0,0,0,0,0,0,0,0,0,0,0,0
126,GAB,,Gabon,-0.8037,11.6094,0,0,0,0,0,0,0,0,0,0,0,0,0,0,0,0,0,0,0,0,0,0,0,0,0,0,0,0,0,0,0,0,0,0,0,0,0,0,0,0,0,0,0,0,0,0,0,0,0,0,0,1,0,0,0,0,0,2,1,1,0,1,0,1,0,0,0,0,9,2,3,0,0,0,3,6,4,10,0,2,3,8,0,23,0,28,0,1,11,36,10,1,5,4,0,35,27,38,0,0,59,0,32,30,0,107,116,41
127,GMB,,Gambia,13.4432,-15.3101,0,0,0,0,0,0,0,0,0,0,0,0,0,0,0,0,0,0,0,0,0,0,0,0,0,0,0,0,0,0,0,0,0,0,0,0,0,0,0,0,0,0,0,0,0,0,0,0,0,0,0,0,0,0,1,0,0,0,0,0,1,1,0,0,0,0,1,0,0,0,0,0,0,0,0,0,0,0,0,5,0,0,0,0,0,0,0,1,0,0,0,0,0,0,0,0,0,0,1,1,5,0,0,0,0,1,2,0
128,GEO,,Georgia,42.3154,43.3569,0,0,0,0,0,0,0,0,0,0,0,0,0,0,0,0,0,0,0,0,0,0,0,0,0,0,0,0,0,0,0,0,0,0,1,0,0,0,2,0,0,0,1,0,0,9,2,0,9,0,1,5,3,0,1,4,2,3,6,5,7,9,5,4,4,7,1,12,7,7,17,21,7,12,14,8,15,7,16,8,15,15,28,6,42,22,18,6,8,6,8,9,19,12,30,11,14,6,22,27,16,7,4,11,6,5,8,3
129,DEU,,Germany,51.0,9.0,0,0,0,0,1,3,0,0,1,3,2,2,0,0,0,1,0,1,0,2,0,0,0,0,0,0,0,0,0,0,0,0,0,1,10,19,2,31,51,29,37,66,220,188,129,241,136,281,451,170,1597,910,1210,1477,1985,3070,2993,4528,2365,2660,4183,3930,4337,6615,6933,6824,4400,4790,4923,6064,6922,6365,4933,4031,3251,4289,5633,4885,3990,2737,2946,2218,1287,3394,2945,3699,1945,1842,1881,1226,2357,2481,1870,1514,1257,988,1154,1627,1470,1068,890,697,488,855,1155,1268,1158,736
130,GHA,,Ghana,7.9465,-1.0232,0,0,0,0,0,0,0,0,0,0,0,0,0,0,0,0,0,0,0,0,0,0,0,0,0,0,0,0,0,0,0,0,0,0,0,0,0,0,0,0,0,0,0,0,0,0,0,0,0,0,0,3,3,0,1,0,4,5,3,4,4,26,40,39,5,4,11,0,9,34,9,1,0,9,0,73,26,65,0,30,158,0,70,0,5,0,193,208,0,0,112,0,125,0,271,0,121,0,403,0,95,0,550,0,372,0,921,251
131,GRC,,Greece,39.0742,21.8243,0,0,0,0,0,0,0,0,0,0,0,0,0,0,0,0,0,0,0,0,0,0,0,0,0,0,0,0,0,0,0,0,0,0,1,2,1,0,3,0,0,2,22,14,1,27,0,16,10,0,91,38,103,0,56,31,0,77,35,94,71,48,78,71,74,95,95,56,102,101,129,69,60,62,20,77,52,71,56,70,33,31,25,22,15,17,11,0,10,156,7,55,27,16,11,17,32,10,15,21,8,6,6,10,21,15,13,19
132,GRD,,Grenada,12.1165,-61.679,0,0,0,0,0,0,0,0,0,0,0,0,0,0,0,0,0,0,0,0,0,0,0,0,0,0,0,0,0,0,0,0,0,0,0,0,0,0,0,0,0,0,0,0,0,0,0,0,0,0,0,0,0,0,0,0,0,0,0,1,0,0,0,6,0,0,2,0,0,0,1,2,0,0,0,0,0,0,2,0,0,0,0,0,0,0,0,0,0,0,1,0,0,3,0,0,1,1,0,0,1,0,0,0,0,0,0,0
133,GTM,,Guatemala,15.7835,-90.2308,0,0,0,0,0,0,0,0,0,0,0,0,0,0,0,0,0,0,0,0,0,0,0,0,0,0,0,0,0,0,0,0,0,0,0,0,0,0,0,0,0,0,0,0,0,0,0,0,0,0,0,1,0,1,4,0,3,3,5,2,1,1,3,1,3,6,0,2,2,1,8,3,11,0,9,7,10,8,31,11,18,1,11,13,16,18,21,22,32,5,22,68,46,43,27,30,0,27,42,45,44,15,27,33,35,34,68,67
134,GIN,,Guinea,9.9456,-9.6966,0,0,0,0,0,0,0,0,0,0,0,0,0,0,0,0,0,0,0,0,0,0,0,0,0,0,0,0,0,0,0,0,0,0,0,0,0,0,0,0,0,0,0,0,0,0,0,0,0,0,1,0,0,0,0,0,0,0,1,0,2,0,0,0,4,0,8,6,0,8,22,21,38,10,7,16,20,30,18,38,0,69,44,41,34,39,41,61,43,66,73,101,92,42,0,167,77,111,144,42,49,0,124,101,45,71,82,33
135,GNB,,Guinea-Bissau,11.8037,-15.1804,0,0,0,0,0,0,0,0,0,0,0,0,0,0,0,0,0,0,0,0,0,0,0,0,0,0,0,0,0,0,0,0,0,0,0,0,0,0,0,0,0,0,0,0,0,0,0,0,0,0,0,0,0,0,0,0,0,0,0,0,0,0,2,0,0,0,0,6,0,1,0,6,3,0,0,15,0,3,0,2,0,0,0,5,0,0,3,4,0,0,0,0,2,0,1,20,0,132,0,52,0,0,156,0,62,89,30,47
136,GUY,,Guyana,5.0,-58.75,0,0,0,0,0,0,0,0,0,0,0,0,0,0,0,0,0,0,0,0,0,0,0,0,0,0,0,0,0,0,0,0,0,0,0,0,0,0,0,0,0,0,0,0,0,0,0,0,0,1,0,0,3,0,3,0,0,0,0,12,1,-15,0,0,0,3,0,0,4,7,0,4,0,1,7,2,4,0,0,8,0,0,2,8,0,8,0,2,0,1,1,3,3,0,1,0,0,4,4,0,0,0,10,1,0,0,1,0
137,HTI,,Haiti,18.9712,-72.2852,0,0,0,0,0,0,0,0,0,0,0,0,0,0,0,0,0,0,0,0,0,0,0,0,0,0,0,0,0,0,0,0,0,0,0,0,0,0,0,0,0,0,0,0,0,0,0,0,0,0,0,0,0,0,0,0,0,2,0,0,4,1,1,0,0,0,7,0,0,1,0,2,2,1,3,1,2,3,1,2,0,7,0,1,0,2,1,3,10,0,5,10,0,0,2,2,0,0,5,4,0,3,12,1,0,28,17,5
138,VAT,,Holy See,41.9029,12.4534,0,0,0,0,0,0,0,0,0,0,0,0,0,0,0,0,0,0,0,0,0,0,0,0,0,0,0,0,0,0,0,0,0,0,0,0,0,0,0,0,0,0,0,1,0,0,0,0,0,0,0,0,0,0,0,0,0,0,0,0,0,3,0,0,0,2,0,0,0,0,1,0,0,0,0,0,1,0,0,0,0,0,0,0,0,0,0,0,1,0,0,0,0,0,0,0,1,0,1,0,0,0,0,0,1,0,0,0
139,HND,,Honduras,15.2,-86.2419,0,0,0,0,0,0,0,0,0,0,0,0,0,0,0,0,0,0,0,0,0,0,0,0,0,0,0,0,0,0,0,0,0,0,0,0,0,0,0,0,0,0,0,0,0,0,0,0,2,0,0,0,1,3,2,1,3,12,0,2,4,0,6,16,16,27,15,29,2,31,47,3,42,4,30,7,7,31,39,10,1,4,10,12,7,16,15,15,5,17,16,9,72,36,0,34,41,36,33,33,206,45,123,92,191,224,86,59
140,HUN,,Hungary,47.1625,19.5033,0,0,0,0,0,0,0,0,0,0,0,0,0,0,0,0,0,0,0,0,0,0,0,0,0,0,0,0,0,0,0,0,0,0,0,0,0,0,0,0,0,2,0,0,2,3,2,0,4,0,6,11,2,7,11,8,15,12,18,28,36,20,39,35,39,43,65,39,45,33,60,38,55,55,11,73,78,85,210,120,100,48,54,67,73,111,71,82,68,114,70,116,159,0,57,83,66,78,48,88,79,56,37,30,46,39,28,35
141,ISL,,Iceland,64.9631,-19.0208,0,0,0,0,0,0,0,0,0,0,0,0,0,0,0,0,0,0,0,0,0,0,0,0,0,0,0,0,0,0,0,0,0,0,0,0,1,0,2,3,5,15,8,9,7,0,8,11,16,18,31,22,15,9,40,30,80,79,64,95,20,60,89,65,88,73,57,66,49,85,99,45,53,69,76,24,30,32,27,14,12,10,9,7,12,15,6,11,2,5,7,4,0,1,2,0,3,2,0,1,0,1,0,0,0,2,0,0
142,IND,,India,21.0,78.0,0,0,0,0,0,0,0,1,0,0,1,1,0,0,0,0,0,0,0,0,0,0,0,0,0,0,0,0,0,0,0,0,0,0,0,0,0,0,0,2,0,23,2,1,3,5,4,13,6,11,9,20,11,6,23,14,38,50,86,66,103,37,121,70,160,100,37,227,146,601,545,24,515,506,1190,533,605,809,873,848,759,1248,1034,835,1108,922,1370,1893,924,1541,1290,1707,1453,1753,1607,1561,1873,1738,1801,2394,2442,2806,3932,2963,3587,3364,3344,3113
143,IDN,,Indonesia,-0.7893,113.9213,0,0,0,0,0,0,0,0,0,0,0,0,0,0,0,0,0,0,0,0,0,0,0,0,0,0,0,0,0,0,0,0,0,0,0,0,0,0,0,2,0,0,0,2,0,2,13,8,7,0,35,27,21,17,38,55,84,58,81,64,65,107,104,103,153,109,130,129,114,149,113,196,106,181,218,247,218,337,219,330,399,316,282,297,380,407,325,327,185,375,283,357,436,396,275,214,415,260,347,433,292,349,395,484,367,338,336,533
144,IRN,,Iran,32.0,53.0,0,0,0,0,0,0,0,0,0,0,0,0,0,0,0,0,0,0,0,0,0,0,0,0,0,0,0,2,3,13,10,15,18,34,44,106,143,205,385,523,835,586,591,1234,1076,743,595,881,958,1075,1289,1365,1209,1053,1178,1192,1046,1237,966,1028,1411,1762,2206,2389,2926,3076,2901,3186,3110,2988,2875,2715,2560,2483,2274,2089,1997,1634,1972,1837,1657,1617,1574,1512,1606,1499,1374,1343,1294,1297,1194,1030,1168,1134,1153,991,1112,1073,983,1006,802,976,1223,1323,1680,1485,1556,1529
145,IRQ,,Iraq,33.0,44.0,0,0,0,0,0,0,0,0,0,0,0,0,0,0,0,0,0,0,0,0,0,0,0,0,0,0,0,0,0,0,0,0,1,0,4,2,0,6,6,7,6,3,0,5,14,6,0,11,0,0,30,9,6,8,30,10,28,16,6,19,33,50,30,36,76,48,41,83,64,34,44,48,58,83,70,91,80,30,47,39,34,26,22,15,19,48,31,26,35,28,29,46,31,55,57,27,81,75,82,68,66,77,50,85,49,63,60,76
146,IRL,,Ireland,53.1424,-7.6921,0,0,0,0,0,0,0,0,0,0,0,0,0,0,0,0,0,0,0,0,0,0,0,0,0,0,0,0,0,0,0,0,0,0,0,0,0,1,0,0,1,4,0,12,0,1,2,13,9,0,47,39,0,40,54,69,265,126,102,121,219,204,235,255,302,294,200,295,325,212,402,424,331,390,370,345,365,500,1515,839,727,992,832,1068,724,709,778,493,401,388,631,936,577,377,701,386,229,376,359,221,343,330,266,211,265,137,156,219
147,ISR,,Israel,31.0,35.0,0,0,0,0,0,0,0,0,0,0,0,0,0,0,0,0,0,0,0,0,0,0,0,0,0,0,0,0,0,1,0,0,0,0,1,1,1,3,3,0,2,3,5,17,6,18,0,14,4,21,26,29,58,5,32,54,123,102,183,171,188,167,1131,324,342,584,628,448,663,734,765,571,423,579,474,344,156,564,440,335,402,441,460,455,257,224,283,226,222,229,556,305,255,240,145,112,173,106,112,155,84,23,38,43,21,71,55,18
148,ITA,,Italy,43.0,12.0,0,0,0,0,0,0,0,0,2,0,0,0,0,0,0,1,0,0,0,0,0,0,0,0,0,0,0,0,0,17,42,93,74,93,131,202,233,240,566,342,466,587,769,778,1247,1492,1797,977,2313,0,5198,3497,3590,3233,3526,4207,5322,5986,6557,5560,4789,5249,5210,6203,5909,5974,5217,4050,4053,4782,4668,4585,4805,4316,3599,3039,3836,4204,3951,4694,4092,3153,2972,2667,3786,3493,3491,3047,2256,2729,3370,2646,3021,2357,2324,1739,2091,2086,1872,1965,1900,1389,1221,1075,1444,1401,1327,1083
149,JAM,,Jamaica,18.1096,-77.2975,0,0,0,0,0,0,0,0,0,0,0,0,0,0,0,0,0,0,0,0,0,0,0,0,0,0,0,0,0,0,0,0,0,0,0,0,0,0,0,0,0,0,0,0,0,0,0,0,1,1,6,0,2,0,2,1,2,1,0,3,0,2,5,0,0,4,2,4,0,8,3,0,6,5,0,5,0,0,0,2,4,4,0,52,18,0,20,10,50,0,10,24,31,17,45,14,0,32,26,10,31,6,2,2,5,10,2,0
150,JPN,,Japan,36.0,138.0,0,0,0,2,0,3,0,4,4,5,0,0,2,0,0,3,0,1,0,0,2,0,1,14,16,7,8,10,10,11,17,25,12,11,19,25,14,13,15,18,19,38,29,60,41,41,9,70,58,0,62,72,66,0,39,11,35,39,44,94,27,65,114,80,81,225,173,0,87,225,317,122,522,0,515,252,351,410,863,475,743,622,275,455,526,1161,509,501,0,338,377,856,461,402,210,712,-417,159,193,217,266,306,201,175,0,224,98,88
151,JOR,,Jordan,31.24,36.51,0,0,0,0,0,0,0,0,0,0,0,0,0,0,0,0,0,0,0,0,0,0,0,0,0,0,0,0,0,0,0,0,0,0,0,0,0,0,0,0,1,0,0,0,0,0,0,0,0,0,0,0,7,9,17,18,17,16,0,27,15,27,18,40,23,11,13,9,6,4,21,11,13,22,4,4,5,14,0,9,8,2,6,4,1,5,6,4,8,3,7,2,4,3,3,2,0,2,2,6,1,1,4,6,2,21,14,14
152,KAZ,,Kazakhstan,48.0196,66.9237,0,0,0,0,0,0,0,0,0,0,0,0,0,0,0,0,0,0,0,0,0,0,0,0,0,0,0,0,0,0,0,0,0,0,0,0,0,0,0,0,0,0,0,0,0,0,0,0,0,0,4,2,3,1,23,2,9,5,4,7,2,10,9,30,39,78,56,18,41,37,55,29,67,53,78,35,30,54,31,53,86,140,141,63,107,144,69,61,176,143,140,154,193,119,116,118,192,111,264,195,260,63,129,156,217,156,256,141
153,KEN,,Kenya,-0.0236,37.9062,0,0,0,0,0,0,0,0,0,0,0,0,0,0,0,0,0,0,0,0,0,0,0,0,0,0,0,0,0,0,0,0,0,0,0,0,0,0,0,0,0,0,0,0,0,0,0,0,0,0,1,0,2,0,0,0,4,0,0,8,1,9,3,3,0,7,4,8,9,22,29,12,4,16,16,14,7,5,5,2,6,11,8,9,9,12,16,8,11,15,7,17,16,7,12,8,11,10,12,15,24,30,25,45,47,25,14,28
154,KOR,,"Korea, South",36.0,128.0,0,1,0,1,1,0,0,0,7,1,3,0,1,3,4,1,0,1,2,1,0,0,0,0,1,1,1,0,73,100,229,169,231,144,284,505,571,813,586,599,851,435,467,505,448,273,164,35,242,114,110,107,76,74,84,93,152,87,147,162,0,76,100,104,91,146,105,78,125,101,89,86,94,81,47,47,53,39,27,30,32,25,27,27,22,22,18,8,13,9,11,14,10,10,10,14,9,4,9,6,13,8,3,2,4,12,18,34
155,KWT,,Kuwait,29.5,47.75,0,0,0,0,0,0,0,0,0,0,0,0,0,0,0,0,0,0,0,0,0,0,0,0,0,0,0,0,0,0,0,0,1,10,15,17,2,0,0,11,0,0,2,0,3,3,0,5,3,8,0,24,8,11,7,12,6,11,17,12,1,2,4,13,17,10,20,11,23,28,25,75,62,77,109,78,112,55,83,161,80,66,55,50,119,134,93,164,80,85,168,151,215,278,183,213,152,300,284,353,242,364,295,526,485,278,641,415
156,KGZ,,Kyrgyzstan,41.2044,74.7661,0,0,0,0,0,0,0,0,0,0,0,0,0,0,0,0,0,0,0,0,0,0,0,0,0,0,0,0,0,0,0,0,0,0,0,0,0,0,0,0,0,0,0,0,0,0,0,0,0,0,0,0,0,0,0,3,0,3,8,0,2,26,2,0,14,0,26,10,13,4,5,14,14,3,69,12,42,10,18,41,38,42,11,19,17,23,17,48,14,22,22,19,34,0,17,13,13,21,17,10,13,26,35,13,28,24,11,25
157,LAO,,Laos,19.85627,102.495496,0,0,0,0,0,0,0,0,0,0,0,0,0,0,0,0,0,0,0,0,0,0,0,0,0,0,0,0,0,0,0,0,0,0,0,0,0,0,0,0,0,0,0,0,0,0,0,0,0,0,0,0,0,0,0,0,0,0,0,0,0,2,1,3,0,2,0,0,1,1,0,0,0,1,1,2,1,1,0,2,1,0,0,0,0,0,0,0,0,0,0,0,0,0,0,0,0,0,0,0,0,0,0,0,0,0,0,0
158,LVA,,Latvia,56.8796,24.6032,0,0,0,0,0,0,0,0,0,0,0,0,0,0,0,0,0,0,0,0,0,0,0,0,0,0,0,0,0,0,0,0,0,0,0,0,0,0,0,1,0,0,0,0,0,1,4,2,2,0,7,9,4,4,15,22,15,25,13,15,41,17,24,23,36,25,42,29,22,48,12,35,16,24,9,6,29,12,23,18,21,4,2,9,9,7,30,15,12,9,13,17,6,20,8,6,18,13,9,12,1,8,17,0,4,9,19,2
159,LBN,,Lebanon,33.8547,35.8623,0,0,0,0,0,0,0,0,0,0,0,0,0,0,0,0,0,0,0,0,0,0,0,0,0,0,0,0,0,1,0,0,0,0,1,0,0,2,6,3,0,0,3,6,0,10,0,9,20,0,16,16,17,0,10,13,24,6,24,61,19,51,15,35,23,21,26,8,24,9,15,14,12,7,14,7,28,6,27,10,11,2,9,17,5,5,4,1,4,0,5,6,8,8,3,3,7,4,4,4,4,4,3,1,9,34,12,13
160,LBR,,Liberia,6.4281,-9.4295,0,0,0,0,0,0,0,0,0,0,0,0,0,0,0,0,0,0,0,0,0,0,0,0,0,0,0,0,0,0,0,0,0,0,0,0,0,0,0,0,0,0,0,0,0,0,0,0,0,0,0,0,0,1,0,1,0,0,1,0,0,0,0,0,0,0,0,0,0,3,0,1,3,3,1,0,17,0,6,11,2,9,0,0,0,17,0,15,8,2,0,0,16,3,4,0,17,0,0,11,2,4,8,4,8,11,10,0
161,LBY,,Libya,26.3351,17.228331,0,0,0,0,0,0,0,0,0,0,0,0,0,0,0,0,0,0,0,0,0,0,0,0,0,0,0,0,0,0,0,0,0,0,0,0,0,0,0,0,0,0,0,0,0,0,0,0,0,0,0,0,0,0,0,0,0,0,0,0,0,1,0,0,0,2,5,0,2,0,1,0,7,0,1,1,1,3,0,0,1,1,9,13,1,0,0,2,0,0,8,1,1,0,0,0,0,0,0,2,0,0,0,0,1,0,0,0
162,LIE,,Liechtenstein,47.14,9.55,0,0,0,0,0,0,0,0,0,0,0,0,0,0,0,0,0,0,0,0,0,0,0,0,0,0,0,0,0,0,0,0,0,0,0,0,0,0,0,0,0,1,0,0,0,0,0,0,0,0,0,3,0,0,3,21,0,0,9,0,14,0,0,5,0,0,0,6,6,0,7,0,2,0,0,1,0,0,1,0,0,0,0,0,0,0,0,2,0,0,0,0,0,0,1,0,0,0,0,0,0,0,0,0,0,0,0,0
163,LTU,,Lithuania,55.1694,23.8813,0,0,0,0,0,0,0,0,0,0,0,0,0,0,0,0,0,0,0,0,0,0,0,0,0,0,0,0,0,0,0,0,0,0,0,0,1,0,0,0,0,0,0,0,0,0,0,0,2,0,3,2,4,5,8,2,9,13,34,60,36,30,65,25,59,36,66,31,46,44,68,47,75,40,32,37,32,43,44,27,27,9,8,21,37,21,90,59,28,24,20,28,12,16,12,11,-105,31,10,14,7,4,9,4,5,5,3,8
164,LUX,,Luxembourg,49.8153,6.1296,0,0,0,0,0,0,0,0,0,0,0,0,0,0,0,0,0,0,0,0,0,0,0,0,0,0,0,0,0,0,0,0,0,0,0,0,0,1,0,0,0,0,0,1,0,1,0,2,2,12,15,17,8,18,63,63,132,149,186,128,77,224,234,120,152,226,119,38,190,141,168,125,117,75,39,127,64,81,108,47,11,11,15,66,71,36,57,13,8,60,36,11,30,16,12,6,12,28,15,18,10,12,4,12,11,8,12,6
165,MDG,,Madagascar,-18.7669,46.8691,0,0,0,0,0,0,0,0,0,0,0,0,0,0,0,0,0,0,0,0,0,0,0,0,0,0,0,0,0,0,0,0,0,0,0,0,0,0,0,0,0,0,0,0,0,0,0,0,0,0,0,0,0,0,0,0,0,3,0,0,9,5,2,4,3,0,13,4,14,0,2,11,0,2,10,6,5,0,0,9,4,0,2,2,1,6,3,1,0,0,0,0,1,1,1,4,0,0,0,4,3,14,0,2,7,35,0,0
166,MWI,,Malawi,-13.254307999999998,34.301525,0,0,0,0,0,0,0,0,0,0,0,0,0,0,0,0,0,0,0,0,0,0,0,0,0,0,0,0,0,0,0,0,0,0,0,0,0,0,0,0,0,0,0,0,0,0,0,0,0,0,0,0,0,0,0,0,0,0,0,0,0,0,0,0,0,0,0,0,0,0,3,0,1,0,1,3,0,0,1,3,1,3,0,0,0,1,0,0,0,1,5,10,0,0,1,2,0,0,1,0,1,1,2,0,2,0,0,13
167,MYS,,Malaysia,2.5,112.5,0,0,3,1,0,0,3,1,0,0,0,0,2,2,0,0,4,0,2,0,0,1,0,3,0,0,0,0,0,0,0,0,0,0,0,1,0,2,4,0,7,14,0,33,10,6,18,12,20,0,48,41,190,138,107,117,110,130,153,123,212,106,172,235,130,159,150,156,140,142,208,217,150,179,131,170,156,109,118,184,153,134,170,85,110,69,54,84,36,57,50,71,88,51,38,40,31,94,57,69,105,122,55,30,45,39,68,54
168,MDV,,Maldives,3.2028,73.2207,0,0,0,0,0,0,0,0,0,0,0,0,0,0,0,0,0,0,0,0,0,0,0,0,0,0,0,0,0,0,0,0,0,0,0,0,0,0,0,0,0,0,0,0,0,4,0,2,2,0,1,1,3,0,0,0,0,0,0,0,0,0,0,0,3,0,1,0,1,1,0,0,0,0,0,0,0,0,0,0,1,0,0,2,3,3,7,17,17,14,3,22,21,48,37,12,24,28,190,23,28,8,14,32,44,31,96,46
169,MLI,,Mali,17.570692,-3.996166000000001,0,0,0,0,0,0,0,0,0,0,0,0,0,0,0,0,0,0,0,0,0,0,0,0,0,0,0,0,0,0,0,0,0,0,0,0,0,0,0,0,0,0,0,0,0,0,0,0,0,0,0,0,0,0,0,0,0,0,0,0,0,0,2,2,7,7,0,7,3,3,5,3,2,4,2,9,3,15,13,0,18,18,21,4,23,0,45,8,22,12,35,16,16,45,19,19,16,58,8,18,36,19,17,32,19,19,18,24
170,MLT,,Malta,35.9375,14.3754,0,0,0,0,0,0,0,0,0,0,0,0,0,0,0,0,0,0,0,0,0,0,0,0,0,0,0,0,0,0,0,0,0,0,0,0,0,0,0,0,0,0,0,0,3,0,0,2,1,0,6,6,3,9,8,0,15,11,9,17,17,3,19,5,5,10,2,5,13,19,8,6,11,14,14,52,6,38,13,20,8,6,9,6,13,10,4,1,4,12,1,1,2,1,0,2,8,5,2,2,1,9,3,2,2,2,3,1
171,MRT,,Mauritania,21.0079,10.9408,0,0,0,0,0,0,0,0,0,0,0,0,0,0,0,0,0,0,0,0,0,0,0,0,0,0,0,0,0,0,0,0,0,0,0,0,0,0,0,0,0,0,0,0,0,0,0,0,0,0,0,1,0,0,0,0,1,0,0,0,0,0,0,1,0,2,0,0,1,0,0,0,0,0,0,0,0,1,0,0,0,0,0,0,0,0,0,0,0,0,0,0,0,0,0,0,0,1,0,0,0,0,0,0,0,0,0,0
172,MUS,,Mauritius,-20.2,57.5,0,0,0,0,0,0,0,0,0,0,0,0,0,0,0,0,0,0,0,0,0,0,0,0,0,0,0,0,0,0,0,0,0,0,0,0,0,0,0,0,0,0,0,0,0,0,0,0,0,0,0,0,0,0,0,3,0,9,2,14,8,6,6,33,13,8,5,21,15,18,8,17,10,31,17,24,5,41,4,1,5,0,0,0,0,0,1,3,0,0,1,2,0,0,1,2,0,-2,0,0,0,0,0,0,0,0,0,0
173,MEX,,Mexico,23.6345,-102.5528,0,0,0,0,0,0,0,0,0,0,0,0,0,0,0,0,0,0,0,0,0,0,0,0,0,0,0,0,0,0,0,0,0,0,0,0,1,3,1,0,0,0,0,1,0,1,0,0,1,4,14,15,12,29,11,25,46,39,48,65,51,38,70,110,132,131,145,101,121,163,132,178,202,253,296,346,396,260,403,375,442,353,385,448,450,578,622,764,511,729,1043,1089,1239,970,835,852,1223,1047,1425,1515,1349,1383,1434,1120,1609,1982,1906,1938
174,MDA,,Moldova,47.4116,28.3699,0,0,0,0,0,0,0,0,0,0,0,0,0,0,0,0,0,0,0,0,0,0,0,0,0,0,0,0,0,0,0,0,0,0,0,0,0,0,0,0,0,0,0,0,0,1,0,2,0,0,3,6,11,0,7,0,19,17,14,14,15,16,24,28,22,32,32,35,55,70,82,86,161,112,101,91,118,115,149,122,102,50,222,115,105,110,114,94,76,66,164,148,184,194,104,73,157,133,126,83,72,69,127,115,113,129,123,139
175,MCO,,Monaco,43.7333,7.4167,0,0,0,0,0,0,0,0,0,0,0,0,0,0,0,0,0,0,0,0,0,0,0,0,0,0,0,0,0,0,0,0,0,0,0,0,0,1,0,0,0,0,0,0,0,0,0,0,0,1,0,0,0,5,0,0,0,4,0,12,0,0,8,2,9,0,4,3,3,3,5,4,2,7,4,2,2,3,6,2,1,0,0,0,0,1,0,0,0,0,0,0,0,0,0,1,0,0,0,0,0,0,0,0,0,0,0,1
176,MNG,,Mongolia,46.8625,103.8467,0,0,0,0,0,0,0,0,0,0,0,0,0,0,0,0,0,0,0,0,0,0,0,0,0,0,0,0,0,0,0,0,0,0,0,0,0,0,0,0,0,0,0,0,0,0,0,1,0,0,0,0,0,0,4,1,0,0,4,0,0,0,0,1,0,1,0,0,0,2,0,0,0,0,1,0,1,0,0,0,0,1,13,0,1,0,0,1,1,1,1,1,1,0,1,0,0,0,0,0,1,0,1,1,0,0,1,0
177,MNE,,Montenegro,42.5,19.3,0,0,0,0,0,0,0,0,0,0,0,0,0,0,0,0,0,0,0,0,0,0,0,0,0,0,0,0,0,0,0,0,0,0,0,0,0,0,0,0,0,0,0,0,0,0,0,0,0,0,0,0,0,0,2,0,1,11,0,7,6,20,5,17,13,2,1,6,18,14,21,30,27,13,19,8,7,4,3,8,9,2,9,5,15,0,4,1,4,1,2,1,3,1,1,0,0,1,0,0,0,0,1,1,0,0,0,0
178,MAR,,Morocco,31.7917,-7.0926,0,0,0,0,0,0,0,0,0,0,0,0,0,0,0,0,0,0,0,0,0,0,0,0,0,0,0,0,0,0,0,0,0,0,0,0,0,0,0,1,0,0,1,0,0,0,0,1,2,1,1,10,11,1,9,11,14,14,19,19,28,27,55,50,70,57,77,77,61,37,54,83,128,102,99,64,91,99,74,97,116,102,125,136,259,281,121,170,191,163,237,122,190,139,168,55,132,69,102,146,160,174,150,166,189,140,163,199
179,MOZ,,Mozambique,-18.665695,35.529562,0,0,0,0,0,0,0,0,0,0,0,0,0,0,0,0,0,0,0,0,0,0,0,0,0,0,0,0,0,0,0,0,0,0,0,0,0,0,0,0,0,0,0,0,0,0,0,0,0,0,0,0,0,0,0,0,0,0,0,1,0,2,2,2,0,1,0,0,0,2,0,0,0,0,0,0,7,0,3,0,1,0,7,1,2,3,1,4,0,0,2,5,19,5,6,0,0,0,0,3,0,1,0,1,0,0,1,5
180,MMR,,Burma,21.9162,95.956,0,0,0,0,0,0,0,0,0,0,0,0,0,0,0,0,0,0,0,0,0,0,0,0,0,0,0,0,0,0,0,0,0,0,0,0,0,0,0,0,0,0,0,0,0,0,0,0,0,0,0,0,0,0,0,0,0,0,0,0,0,0,0,0,8,0,2,4,1,0,5,0,1,0,1,0,0,1,4,11,3,21,1,11,11,3,10,13,8,2,2,16,5,2,0,0,4,0,1,0,0,4,6,0,0,15,1,1
181,NAM,,Namibia,-22.9576,18.4904,0,0,0,0,0,0,0,0,0,0,0,0,0,0,0,0,0,0,0,0,0,0,0,0,0,0,0,0,0,0,0,0,0,0,0,0,0,0,0,0,0,0,0,0,0,0,0,0,0,0,0,2,0,0,0,0,1,0,0,0,1,3,0,1,0,0,3,0,0,3,0,0,0,2,0,0,0,0,0,0,0,0,0,0,0,0,0,0,0,0,0,0,0,0,0,0,0,0,0,0,0,0,0,0,0,0,0,0
182,NPL,,Nepal,28.1667,84.25,0,0,1,0,0,0,0,0,0,0,0,0,0,0,0,0,0,0,0,0,0,0,0,0,0,0,0,0,0,0,0,0,0,0,0,0,0,0,0,0,0,0,0,0,0,0,0,0,0,0,0,0,0,0,0,0,0,0,0,0,1,0,1,0,1,1,0,0,0,0,1,0,3,0,0,0,0,0,0,0,3,2,2,0,0,14,1,0,0,12,2,3,1,0,3,0,2,3,0,2,0,16,0,7,17,2,1,8
183,NLD,Aruba,Netherlands,12.5186,-70.0358,0,0,0,0,0,0,0,0,0,0,0,0,0,0,0,0,0,0,0,0,0,0,0,0,0,0,0,0,0,0,0,0,0,0,0,0,0,0,0,0,0,0,0,0,0,0,0,0,0,0,2,0,0,0,1,1,0,1,0,4,0,3,5,11,5,13,4,0,5,0,5,2,2,0,7,3,3,5,4,6,0,0,0,1,2,1,0,1,0,0,3,0,0,0,0,0,0,0,0,0,0,0,0,1,0,0,0,0
184,NLD,Curacao,Netherlands,12.1696,-68.99,0,0,0,0,0,0,0,0,0,0,0,0,0,0,0,0,0,0,0,0,0,0,0,0,0,0,0,0,0,0,0,0,0,0,0,0,0,0,0,0,0,0,0,0,0,0,0,0,0,0,0,1,0,0,2,0,0,0,0,0,1,2,0,0,2,0,0,3,0,0,0,0,0,0,2,0,1,0,0,0,0,0,0,0,0,0,0,0,0,0,0,0,2,0,0,0,0,0,0,0,0,0,0,0,0,0,0,0
185,NLD,Sint Maarten,Netherlands,18.0425,-63.0548,0,0,0,0,0,0,0,0,0,0,0,0,0,0,0,0,0,0,0,0,0,0,0,0,0,0,0,0,0,0,0,0,0,0,0,0,0,0,0,0,0,0,0,0,0,0,0,0,0,0,0,0,0,0,0,0,0,1,0,0,1,0,1,0,0,0,3,0,0,10,2,5,0,2,12,3,0,3,7,0,0,0,2,1,4,0,7,3,0,0,4,2,0,0,1,0,1,0,0,1,0,0,0,0,0,0,0,0
186,NLD,,Netherlands,52.1326,5.2913,0,0,0,0,0,0,0,0,0,0,0,0,0,0,0,0,0,0,0,0,0,0,0,0,0,0,0,0,0,0,0,0,0,0,0,1,0,5,4,8,6,14,44,46,60,77,56,61,121,0,301,155,176,278,292,346,409,534,637,573,545,811,852,1019,1172,1159,1104,884,845,1019,1083,1026,904,1224,952,777,969,1213,1335,1316,1174,964,868,734,1061,1235,1140,1066,750,729,708,887,806,655,655,400,171,386,514,475,445,335,199,317,232,455,319,289
187,NLD,"Bonaire, Sint Eustatius and Saba",Netherlands,12.1784,-68.2385,0,0,0,0,0,0,0,0,0,0,0,0,0,0,0,0,0,0,0,0,0,0,0,0,0,0,0,0,0,0,0,0,0,0,0,0,0,0,0,0,0,0,0,0,0,0,0,0,0,0,0,0,0,0,0,0,0,0,0,0,0,0,0,0,0,0,0,0,0,0,2,0,0,0,0,0,0,0,0,0,1,0,0,0,0,0,0,2,0,0,0,0,0,0,0,0,0,0,0,1,0,0,0,0,0,0,0,0
188,NZL,,New Zealand,-40.9006,174.886,0,0,0,0,0,0,0,0,0,0,0,0,0,0,0,0,0,0,0,0,0,0,0,0,0,0,0,0,0,0,0,0,0,0,0,0,1,0,0,0,0,2,0,1,1,0,0,0,0,0,0,1,2,0,4,8,8,11,13,50,0,53,50,78,85,83,63,75,58,61,89,71,82,89,67,54,50,29,44,29,18,19,17,20,15,8,13,9,9,5,6,5,5,9,-1,3,2,2,3,6,2,0,-1,2,1,1,2,2
189,NIC,,Nicaragua,12.8654,-85.2072,0,0,0,0,0,0,0,0,0,0,0,0,0,0,0,0,0,0,0,0,0,0,0,0,0,0,0,0,0,0,0,0,0,0,0,0,0,0,0,0,0,0,0,0,0,0,0,0,0,0,0,0,0,0,0,0,1,0,1,0,0,0,0,0,0,2,0,0,1,0,0,0,0,1,0,0,0,1,0,1,1,0,0,0,0,0,0,1,0,0,0,1,0,1,1,0,0,0,1,0,0,1,0,1,0,0,0,0
190,NER,,Niger,17.6078,8.0817,0,0,0,0,0,0,0,0,0,0,0,0,0,0,0,0,0,0,0,0,0,0,0,0,0,0,0,0,0,0,0,0,0,0,0,0,0,0,0,0,0,0,0,0,0,0,0,0,0,0,0,0,0,0,0,0,0,1,0,1,1,0,4,3,0,0,8,9,0,47,24,22,24,40,69,25,64,68,28,53,38,0,41,14,0,43,12,9,0,9,5,9,10,3,12,5,8,4,6,9,8,14,5,8,7,11,14,20
191,NGA,,Nigeria,9.082,8.6753,0,0,0,0,0,0,0,0,0,0,0,0,0,0,0,0,0,0,0,0,0,0,0,0,0,0,0,0,0,0,0,0,0,0,0,0,1,0,0,0,0,0,0,0,0,0,1,0,0,0,0,0,0,0,1,5,0,4,10,8,10,4,7,14,5,19,22,20,4,39,10,26,4,18,6,16,22,12,17,13,5,20,30,34,35,51,49,85,38,0,208,108,114,87,91,64,195,196,204,238,218,170,244,148,195,381,386,239
192,MKD,,North Macedonia,41.6086,21.7453,0,0,0,0,0,0,0,0,0,0,0,0,0,0,0,0,0,0,0,0,0,0,0,0,0,0,0,0,0,0,0,0,0,0,1,0,0,0,0,0,0,0,0,2,0,0,0,4,0,0,7,0,0,4,8,9,13,19,18,30,21,12,29,24,18,22,18,26,44,25,30,46,53,72,15,29,18,46,48,49,68,26,54,66,107,36,53,37,18,6,28,41,26,41,19,13,22,21,23,29,12,5,7,8,13,33,14,36
193,NOR,,Norway,60.472,8.4689,0,0,0,0,0,0,0,0,0,0,0,0,0,0,0,0,0,0,0,0,0,0,0,0,0,0,0,0,0,0,0,0,0,0,1,0,5,9,4,6,7,24,31,21,39,29,29,195,198,104,294,94,131,112,130,87,196,168,204,267,236,242,221,285,386,260,269,161,196,222,284,223,180,137,178,221,0,125,103,95,116,78,20,117,156,41,99,42,78,35,147,63,62,36,28,72,61,50,28,45,26,38,57,51,41,38,36,29
194,OMN,,Oman,21.0,57.0,0,0,0,0,0,0,0,0,0,0,0,0,0,0,0,0,0,0,0,0,0,0,0,0,0,0,0,0,0,0,0,0,2,0,2,0,0,2,0,0,6,3,1,0,0,0,0,2,0,0,1,0,3,0,2,15,9,0,4,3,11,18,15,10,22,21,15,12,13,18,21,21,25,21,33,40,48,38,27,62,53,128,86,97,109,50,111,86,144,98,106,102,74,115,93,51,82,143,74,99,36,85,69,98,168,55,154,112
195,PAK,,Pakistan,30.3753,69.3451,0,0,0,0,0,0,0,0,0,0,0,0,0,0,0,0,0,0,0,0,0,0,0,0,0,0,0,0,0,0,0,0,0,0,2,0,0,2,0,0,1,0,0,1,0,0,0,10,3,1,8,3,22,83,100,63,155,47,229,46,99,97,91,138,172,122,102,120,221,180,303,265,132,339,609,269,228,226,206,316,219,266,341,546,536,106,613,710,70,1147,511,1079,785,783,605,587,697,913,1292,1297,989,981,857,1108,2024,571,1791,2301
196,PSE,,West Bank and Gaza,31.9522,35.2332,0,0,0,0,0,0,0,0,0,0,0,0,0,0,0,0,0,0,0,0,0,0,0,0,0,0,0,0,0,0,0,0,0,0,0,0,0,0,0,0,0,0,4,3,9,0,3,7,4,0,1,4,3,0,1,2,3,3,1,4,7,0,0,25,7,7,11,7,3,15,27,33,23,20,17,7,2,0,4,1,3,2,11,7,3,13,6,6,10,0,6,1,4,2,0,0,1,1,0,9,0,0,9,9,3,1,0,0
197,PAN,,Panama,8.538,-80.7821,0,0,0,0,0,0,0,0,0,0,0,0,0,0,0,0,0,0,0,0,0,0,0,0,0,0,0,0,0,0,0,0,0,0,0,0,0,0,0,0,0,0,0,0,0,0,0,1,7,3,16,9,7,12,14,17,23,28,63,113,32,0,98,115,116,112,115,88,192,0,136,158,198,128,187,112,149,279,224,222,260,166,72,102,177,265,194,63,194,191,163,345,172,200,241,242,0,357,154,188,370,0,107,326,208,137,202,212
198,PNG,,Papua New Guinea,-6.315,143.9555,0,0,0,0,0,0,0,0,0,0,0,0,0,0,0,0,0,0,0,0,0,0,0,0,0,0,0,0,0,0,0,0,0,0,0,0,0,0,0,0,0,0,0,0,0,0,0,0,0,0,0,0,0,0,0,0,0,1,0,0,0,0,0,0,0,0,0,0,0,0,0,0,0,0,1,0,0,0,0,0,0,0,0,0,5,0,0,0,0,0,1,0,0,0,0,0,0,0,0,0,0,0,0,0,0,0,0,0
199,PRY,,Paraguay,-23.4425,-58.4438,0,0,0,0,0,0,0,0,0,0,0,0,0,0,0,0,0,0,0,0,0,0,0,0,0,0,0,0,0,0,0,0,0,0,0,0,0,0,0,0,0,0,0,0,0,1,0,0,4,0,1,0,0,2,1,2,0,2,5,4,0,5,10,4,11,4,3,5,1,4,8,15,4,8,9,2,4,5,5,4,1,13,12,2,13,25,3,4,2,0,5,0,10,5,0,0,11,0,27,67,37,26,19,16,9,22,101,126
200,PER,,Peru,-9.19,-75.0152,0,0,0,0,0,0,0,0,0,0,0,0,0,0,0,0,0,0,0,0,0,0,0,0,0,0,0,0,0,0,0,0,0,0,0,0,0,0,0,0,0,0,0,1,0,5,1,4,0,4,13,10,5,43,31,28,89,0,84,45,32,21,64,100,55,36,181,98,115,258,91,181,151,535,280,393,1388,914,641,951,671,2265,519,1172,1016,998,931,1208,697,1512,1413,1664,734,3683,2186,1182,2491,2741,3045,3483,2075,3394,1444,3817,3628,3709,3321,3168
201,PHL,,Philippines,13.0,122.0,0,0,0,0,0,0,0,1,0,0,1,0,0,0,0,1,0,0,0,0,0,0,0,0,0,0,0,0,0,0,0,0,0,0,0,0,0,0,0,0,0,0,0,2,1,4,10,13,16,3,12,47,29,2,45,15,15,13,77,73,82,90,84,71,96,272,343,128,538,227,322,385,76,152,414,104,106,206,119,233,220,284,291,230,207,218,209,172,200,140,111,271,211,102,285,198,181,254,276,284,156,295,262,199,320,339,120,147
202,POL,,Poland,51.9194,19.1451,0,0,0,0,0,0,0,0,0,0,0,0,0,0,0,0,0,0,0,0,0,0,0,0,0,0,0,0,0,0,0,0,0,0,0,0,0,0,0,0,0,1,0,4,0,6,5,6,9,18,19,35,16,58,61,13,104,70,111,98,115,152,150,170,168,249,224,193,256,243,392,437,244,475,311,435,357,370,380,401,318,260,268,380,336,461,363,545,306,263,313,342,381,381,344,285,316,422,237,228,270,318,313,425,309,307,319,285
203,PRT,,Portugal,39.3999,-8.2245,0,0,0,0,0,0,0,0,0,0,0,0,0,0,0,0,0,0,0,0,0,0,0,0,0,0,0,0,0,0,0,0,0,0,0,0,0,0,0,2,0,3,3,5,7,10,0,11,18,0,53,57,76,86,117,0,337,235,260,320,460,302,633,549,724,902,792,446,1035,808,783,852,638,754,452,712,699,815,1516,515,598,349,514,643,750,181,663,521,657,516,603,371,444,595,472,163,295,183,540,306,-161,92,242,178,480,533,553,138
204,QAT,,Qatar,25.3548,51.1839,0,0,0,0,0,0,0,0,0,0,0,0,0,0,0,0,0,0,0,0,0,0,0,0,0,0,0,0,0,0,0,0,0,0,0,0,0,1,2,0,4,1,0,0,0,7,3,6,238,0,58,17,64,38,0,13,8,10,11,13,7,25,11,12,13,28,44,59,88,54,114,126,250,279,228,225,153,166,136,216,251,252,197,283,392,560,345,440,567,518,608,623,761,833,929,957,677,643,845,687,776,679,640,951,830,918,1311,1130
205,ROU,,Romania,45.9432,24.9668,0,0,0,0,0,0,0,0,0,0,0,0,0,0,0,0,0,0,0,0,0,0,0,0,0,0,0,0,0,0,0,0,0,0,1,0,2,0,0,0,0,1,2,3,0,6,0,10,20,4,40,34,8,27,26,76,17,31,59,66,143,218,112,123,263,160,363,294,136,215,278,445,430,251,193,360,344,441,265,523,310,333,246,337,491,360,351,328,190,306,468,386,321,218,401,303,277,362,262,327,165,431,349,325,270,392,312,320
206,RUS,,Russia,60.0,90.0,0,0,0,0,0,0,0,0,2,0,0,0,0,0,0,0,0,0,0,0,0,0,0,0,0,0,0,0,0,0,0,0,0,0,0,0,0,0,0,1,0,0,1,9,0,4,0,3,0,8,17,14,4,27,24,33,52,54,53,61,71,57,163,182,196,228,270,302,501,440,771,601,582,658,954,1154,1175,1459,1786,1667,2186,2558,2774,3388,3448,4070,4785,6060,4268,5642,5236,4774,5849,5966,6361,6198,6411,5841,7099,7933,9623,10633,10581,10102,10559,11231,10699,10817
207,RWA,,Rwanda,-1.9403,29.8739,0,0,0,0,0,0,0,0,0,0,0,0,0,0,0,0,0,0,0,0,0,0,0,0,0,0,0,0,0,0,0,0,0,0,0,0,0,0,0,0,0,0,0,0,0,0,0,0,0,0,0,1,0,4,2,1,0,9,0,2,17,4,1,9,4,6,10,0,5,7,2,5,13,2,1,0,5,0,8,2,6,1,7,2,2,5,1,3,0,3,3,1,22,7,8,16,5,13,18,6,6,4,2,0,7,3,2,7
208,KNA,,Saint Kitts and Nevis,17.357822,-62.782998,0,0,0,0,0,0,0,0,0,0,0,0,0,0,0,0,0,0,0,0,0,0,0,0,0,0,0,0,0,0,0,0,0,0,0,0,0,0,0,0,0,0,0,0,0,0,0,0,0,0,0,0,0,0,0,0,0,0,0,0,0,0,2,0,0,0,0,5,1,0,1,0,0,1,0,1,0,0,1,0,0,0,2,0,0,0,0,0,1,0,0,0,0,0,0,0,0,0,0,0,0,0,0,0,0,0,0,0
209,LCA,,Saint Lucia,13.9094,-60.9789,0,0,0,0,0,0,0,0,0,0,0,0,0,0,0,0,0,0,0,0,0,0,0,0,0,0,0,0,0,0,0,0,0,0,0,0,0,0,0,0,0,0,0,0,0,0,0,0,0,0,0,1,1,0,0,0,0,0,0,0,1,0,0,0,0,0,6,0,4,0,0,0,1,0,0,0,0,0,1,0,0,0,0,0,0,0,0,0,0,0,0,0,0,0,0,0,0,2,0,0,0,1,0,0,0,0,0,0
210,VCT,,Saint Vincent and the Grenadines,12.9843,-61.2872,0,0,0,0,0,0,0,0,0,0,0,0,0,0,0,0,0,0,0,0,0,0,0,0,0,0,0,0,0,0,0,0,0,0,0,0,0,0,0,0,0,0,0,0,0,0,0,0,0,0,0,1,0,0,0,0,0,0,0,0,0,0,0,0,0,0,0,0,0,0,1,1,4,0,0,1,0,4,0,0,0,0,0,0,0,0,0,0,0,0,1,0,1,0,0,1,0,1,0,0,0,0,1,0,0,0,0,0
211,SMR,,San Marino,43.9424,12.4578,0,0,0,0,0,0,0,0,0,0,0,0,0,0,0,0,0,0,0,0,0,0,0,0,0,0,0,0,0,0,0,0,0,0,0,1,0,0,0,7,2,6,5,0,2,13,0,15,11,7,11,0,21,8,0,10,0,25,0,31,12,0,21,0,15,1,0,6,6,0,9,0,14,7,0,13,0,54,11,12,0,0,15,1,54,9,20,6,1,14,12,13,12,0,25,0,15,10,6,11,0,2,0,7,19,14,1,14
212,STP,,Sao Tome and Principe,0.18636,6.613081,0,0,0,0,0,0,0,0,0,0,0,0,0,0,0,0,0,0,0,0,0,0,0,0,0,0,0,0,0,0,0,0,0,0,0,0,0,0,0,0,0,0,0,0,0,0,0,0,0,0,0,0,0,0,0,0,0,0,0,0,0,0,0,0,0,0,0,0,0,0,0,0,0,0,4,0,0,0,0,0,0,0,0,0,0,0,0,0,0,0,0,0,0,0,0,0,4,0,6,2,0,0,7,151,0,13,21,0
213,SAU,,Saudi Arabia,24.0,45.0,0,0,0,0,0,0,0,0,0,0,0,0,0,0,0,0,0,0,0,0,0,0,0,0,0,0,0,0,0,0,0,0,0,0,0,0,0,0,0,1,0,0,4,0,0,6,4,5,1,24,41,17,0,15,53,0,103,70,48,119,51,205,133,112,92,99,96,154,110,157,165,154,140,223,203,190,137,355,364,382,429,472,435,493,518,762,1132,1088,1122,1147,1141,1158,1172,1197,1223,1289,1266,1325,1351,1344,1362,1552,1645,1595,1687,1793,1701,1704
214,SEN,,Senegal,14.4974,-14.4524,0,0,0,0,0,0,0,0,0,0,0,0,0,0,0,0,0,0,0,0,0,0,0,0,0,0,0,0,0,0,0,0,0,0,0,0,0,0,0,1,1,2,0,0,0,0,0,0,0,0,6,0,14,0,2,5,0,7,9,20,12,7,13,6,14,11,12,20,13,15,5,12,12,3,4,11,7,6,15,13,2,11,8,15,21,7,8,17,10,35,30,37,66,69,57,65,87,59,51,91,91,67,89,58,104,59,59,83
215,SRB,,Serbia,44.0165,21.0059,0,0,0,0,0,0,0,0,0,0,0,0,0,0,0,0,0,0,0,0,0,0,0,0,0,0,0,0,0,0,0,0,0,0,0,0,0,0,0,0,0,0,0,1,0,0,0,4,7,7,16,11,2,7,10,18,20,32,36,51,27,54,81,0,73,202,82,44,115,160,111,305,148,284,292,247,219,201,238,275,250,424,411,408,445,372,304,324,312,260,254,132,207,296,263,233,222,227,285,0,353,102,93,120,114,57,95,89
216,SYC,,Seychelles,-4.6796,55.492,0,0,0,0,0,0,0,0,0,0,0,0,0,0,0,0,0,0,0,0,0,0,0,0,0,0,0,0,0,0,0,0,0,0,0,0,0,0,0,0,0,0,0,0,0,0,0,0,0,0,0,2,0,1,1,0,2,1,0,0,0,0,0,0,0,1,0,0,2,0,0,0,0,0,1,0,0,0,0,0,0,0,0,0,0,0,0,0,0,0,0,0,0,0,0,0,0,0,0,0,0,0,0,0,0,0,0,0
217,SLE,,Sierra Leone,8.460555000000001,-11.779889,0,0,0,0,0,0,0,0,0,0,0,0,0,0,0,0,0,0,0,0,0,0,0,0,0,0,0,0,0,0,0,0,0,0,0,0,0,0,0,0,0,0,0,0,0,0,0,0,0,0,0,0,0,0,0,0,0,0,0,0,0,0,0,0,0,0,0,0,1,1,0,0,2,2,0,0,1,0,1,0,2,0,1,2,2,11,4,5,8,7,11,3,18,0,11,0,11,0,20,12,19,11,12,21,26,6,26,34
218,SGP,,Singapore,1.2833,103.8333,1,2,0,1,1,2,0,3,3,3,2,0,6,4,0,2,3,7,5,2,3,8,9,5,3,2,4,3,0,1,0,4,0,2,2,0,0,9,4,2,2,0,7,13,8,12,0,10,18,0,22,12,14,17,23,47,32,40,47,23,54,49,73,52,49,70,42,35,47,74,49,65,75,120,66,106,142,287,198,191,233,386,334,447,728,623,942,596,1426,1111,1016,1037,897,618,931,799,528,690,528,932,447,657,573,632,788,741,768,753
219,SVK,,Slovakia,48.669,19.699,0,0,0,0,0,0,0,0,0,0,0,0,0,0,0,0,0,0,0,0,0,0,0,0,0,0,0,0,0,0,0,0,0,0,0,0,0,0,0,0,0,0,0,1,0,2,0,4,3,6,16,12,10,9,9,33,18,14,41,7,1,18,12,10,43,23,22,22,27,37,26,24,21,14,49,47,101,19,14,13,14,27,66,28,114,72,40,72,12,26,45,81,35,13,6,2,3,7,5,7,4,1,5,8,8,16,10,0
220,SVN,,Slovenia,46.1512,14.9955,0,0,0,0,0,0,0,0,0,0,0,0,0,0,0,0,0,0,0,0,0,0,0,0,0,0,0,0,0,0,0,0,0,0,0,0,0,0,0,0,0,0,2,5,0,9,0,15,26,32,52,40,38,34,22,0,11,55,42,31,28,38,48,34,70,52,46,26,46,39,56,37,43,20,24,38,32,33,36,28,17,7,8,28,20,36,13,13,5,9,9,13,7,15,8,6,6,10,11,5,5,0,0,6,3,1,1,4
221,SOM,,Somalia,5.1521,46.1996,0,0,0,0,0,0,0,0,0,0,0,0,0,0,0,0,0,0,0,0,0,0,0,0,0,0,0,0,0,0,0,0,0,0,0,0,0,0,0,0,0,0,0,0,0,0,0,0,0,0,0,0,0,1,0,0,0,0,0,0,0,0,0,1,1,0,0,0,2,0,0,2,0,0,0,1,4,0,9,0,4,35,0,20,0,36,19,29,73,49,0,42,0,62,46,44,48,54,19,0,70,51,34,79,38,55,0,69
222,ZAF,,South Africa,-30.5595,22.9375,0,0,0,0,0,0,0,0,0,0,0,0,0,0,0,0,0,0,0,0,0,0,0,0,0,0,0,0,0,0,0,0,0,0,0,0,0,0,0,0,0,0,1,0,0,2,0,4,6,4,7,14,13,11,0,54,34,52,38,34,128,152,155,218,243,17,93,46,27,27,82,43,80,70,31,63,96,89,69,25,145,99,143,91,99,178,251,124,142,165,170,318,267,141,185,247,203,354,297,304,385,447,437,352,236,424,663,525
223,SSD,,South Sudan,6.877000000000002,31.307,0,0,0,0,0,0,0,0,0,0,0,0,0,0,0,0,0,0,0,0,0,0,0,0,0,0,0,0,0,0,0,0,0,0,0,0,0,0,0,0,0,0,0,0,0,0,0,0,0,0,0,0,0,0,0,0,0,0,0,0,0,0,0,0,0,0,0,0,0,0,0,0,0,1,0,1,0,1,1,0,0,0,0,0,0,0,0,0,0,0,0,1,0,0,1,0,28,0,1,10,0,1,0,6,6,16,46,0
224,ESP,,Spain,40.0,-4.0,0,0,0,0,0,0,0,0,0,1,0,0,0,0,0,0,0,1,0,0,0,0,0,0,0,0,0,0,0,0,0,0,0,4,7,2,17,13,39,36,45,57,37,141,100,173,400,622,582,0,2955,1159,1407,2144,1806,2162,4053,2447,4964,3394,6368,4749,9630,8271,7933,7516,6875,7846,7967,8195,7947,7134,6969,5478,5029,5267,6278,5002,5051,4754,3804,3268,2442,5103,7304,5891,887,6948,1536,3968,4211,4635,-10034,2915,1729,1831,1308,2144,518,0,3147,884,545,1318,996,1122,1410,721
225,LKA,,Sri Lanka,7.0,81.0,0,0,0,0,1,0,0,0,0,0,0,0,0,0,0,0,0,0,0,0,0,0,0,0,0,0,0,0,0,0,0,0,0,0,0,0,0,0,0,0,0,0,0,0,0,0,0,0,1,0,4,4,8,10,16,7,9,13,4,5,15,5,0,4,0,7,4,5,21,3,5,8,7,10,2,7,4,1,0,8,12,7,16,5,0,6,10,17,33,6,20,38,52,40,63,65,31,30,14,27,15,13,33,20,26,27,11,12
226,SDN,,Sudan,12.8628,30.2176,0,0,0,0,0,0,0,0,0,0,0,0,0,0,0,0,0,0,0,0,0,0,0,0,0,0,0,0,0,0,0,0,0,0,0,0,0,0,0,0,0,0,0,0,0,0,0,0,0,0,1,0,0,0,0,1,0,0,0,0,0,1,0,0,0,2,1,0,1,0,1,2,0,2,0,2,0,1,2,2,0,10,3,0,0,1,33,0,41,0,33,34,0,39,24,38,43,57,67,91,59,0,86,100,74,78,181,53
227,SUR,,Suriname,3.9193,-56.0278,0,0,0,0,0,0,0,0,0,0,0,0,0,0,0,0,0,0,0,0,0,0,0,0,0,0,0,0,0,0,0,0,0,0,0,0,0,0,0,0,0,0,0,0,0,0,0,0,0,0,0,1,0,0,0,0,0,3,0,1,0,2,1,0,0,0,0,0,1,1,0,0,0,0,0,0,0,0,0,0,0,0,0,0,0,0,0,0,0,0,0,0,0,0,0,0,0,0,0,0,0,0,0,0,0,0,0,0
228,SWE,,Sweden,63.0,16.0,0,0,0,0,0,0,0,0,1,0,0,0,0,0,0,0,0,0,0,0,0,0,0,0,0,0,0,0,0,0,0,0,0,0,1,5,0,5,2,1,6,14,59,7,60,42,45,107,145,99,215,147,61,81,87,89,160,200,124,171,112,240,240,314,229,378,253,328,407,512,621,563,312,387,376,487,726,722,544,466,332,465,497,482,613,676,606,563,392,545,682,751,812,610,463,286,695,681,790,428,562,235,404,495,702,705,642,656
229,CHE,,Switzerland,46.8182,8.2275,0,0,0,0,0,0,0,0,0,0,0,0,0,0,0,0,0,0,0,0,0,0,0,0,0,0,0,0,0,0,0,0,0,1,0,7,0,10,9,15,14,34,24,100,54,69,37,117,161,0,487,220,841,0,500,328,1047,1219,1281,899,1321,1082,1020,914,1117,1148,753,1093,683,1163,1059,779,899,595,557,596,1027,771,500,556,308,273,248,400,396,346,326,336,204,119,205,228,181,217,167,103,100,143,179,119,112,88,76,28,51,66,81,44
230,SYR,,Syria,34.802075,38.99681500000001,0,0,0,0,0,0,0,0,0,0,0,0,0,0,0,0,0,0,0,0,0,0,0,0,0,0,0,0,0,0,0,0,0,0,0,0,0,0,0,0,0,0,0,0,0,0,0,0,0,0,0,0,0,0,0,0,0,0,0,1,0,0,4,0,0,0,4,1,0,0,6,0,0,3,0,0,0,0,0,6,0,0,4,4,0,5,0,1,0,3,0,0,0,0,1,0,0,0,0,1,0,0,0,0,1,0,2,0
231,TWN,,Taiwan*,23.7,121.0,0,2,0,1,1,3,0,1,1,0,0,0,1,0,5,0,1,1,0,0,0,0,0,0,2,2,0,1,1,2,0,2,2,1,1,0,2,5,1,1,1,0,2,1,0,0,0,2,1,1,1,3,6,8,10,23,8,27,18,16,26,20,20,17,15,16,15,8,16,7,10,9,7,8,10,3,3,1,2,3,3,5,0,2,0,0,3,22,2,3,1,1,1,1,0,0,0,0,0,0,3,4,2,0,1,1,0,0
232,TJK,,Tajikistan,38.861034,71.276093,0,0,0,0,0,0,0,0,0,0,0,0,0,0,0,0,0,0,0,0,0,0,0,0,0,0,0,0,0,0,0,0,0,0,0,0,0,0,0,0,0,0,0,0,0,0,0,0,0,0,0,0,0,0,0,0,0,0,0,0,0,0,0,0,0,0,0,0,0,0,0,0,0,0,0,0,0,0,0,0,0,0,0,0,0,0,0,0,0,0,0,0,0,0,0,0,0,0,15,0,61,52,102,63,86,82,61,90
233,TZA,,Tanzania,-6.369,34.8888,0,0,0,0,0,0,0,0,0,0,0,0,0,0,0,0,0,0,0,0,0,0,0,0,0,0,0,0,0,0,0,0,0,0,0,0,0,0,0,0,0,0,0,0,0,0,0,0,0,0,0,0,0,1,0,2,3,0,0,6,0,0,0,1,0,1,0,5,0,1,0,0,0,2,2,0,1,0,7,0,0,17,4,35,6,53,0,23,84,0,30,0,15,0,0,0,0,181,0,0,0,0,0,0,0,0,29,0
234,THA,,Thailand,15.0,101.0,1,2,2,1,0,6,0,0,5,0,0,0,6,0,0,0,7,0,0,1,0,0,0,0,1,1,0,0,0,0,0,0,0,2,3,0,1,1,0,1,0,0,4,1,2,0,0,3,6,11,5,7,32,33,30,35,60,50,89,188,122,106,107,111,91,109,143,136,127,120,104,103,89,102,51,38,111,54,50,45,33,28,34,30,29,28,33,32,27,19,15,13,68,0,15,9,7,9,7,6,6,3,18,1,1,3,8,4
235,TLS,,Timor-Leste,-8.874217,125.727539,0,0,0,0,0,0,0,0,0,0,0,0,0,0,0,0,0,0,0,0,0,0,0,0,0,0,0,0,0,0,0,0,0,0,0,0,0,0,0,0,0,0,0,0,0,0,0,0,0,0,0,0,0,0,0,0,0,0,0,1,0,0,0,0,0,0,0,0,0,0,0,0,0,0,0,0,0,0,1,0,0,2,2,2,10,0,0,1,3,1,0,0,1,0,0,0,0,0,0,0,0,0,0,0,0,0,0,0
236,TGO,,Togo,8.6195,0.8248,0,0,0,0,0,0,0,0,0,0,0,0,0,0,0,0,0,0,0,0,0,0,0,0,0,0,0,0,0,0,0,0,0,0,0,0,0,0,0,0,0,0,0,1,0,0,0,0,0,0,0,0,0,0,0,0,0,8,7,0,2,2,3,0,2,0,0,5,4,2,3,1,1,3,14,7,5,3,3,0,0,1,0,4,0,2,1,0,0,2,2,0,2,6,2,0,1,10,7,7,0,1,2,2,0,7,10,8
237,TTO,,Trinidad and Tobago,10.6918,-61.2225,0,0,0,0,0,0,0,0,0,0,0,0,0,0,0,0,0,0,0,0,0,0,0,0,0,0,0,0,0,0,0,0,0,0,0,0,0,0,0,0,0,0,0,0,0,0,0,0,0,0,0,2,0,2,1,2,2,0,40,1,1,6,3,5,1,8,4,4,5,3,4,4,5,1,1,2,0,2,0,3,1,0,0,1,0,0,0,0,0,1,0,0,0,0,0,1,0,0,0,0,0,0,0,0,0,0,0,0
238,TUN,,Tunisia,34.0,9.0,0,0,0,0,0,0,0,0,0,0,0,0,0,0,0,0,0,0,0,0,0,0,0,0,0,0,0,0,0,0,0,0,0,0,0,0,0,0,0,0,0,1,0,0,0,1,0,3,2,0,9,2,0,2,4,5,10,15,6,15,14,25,59,24,30,51,34,0,82,29,32,40,58,21,22,27,5,15,28,14,22,19,21,33,42,42,0,15,5,0,25,9,4,17,10,18,8,5,14,4,11,4,5,4,3,1,4,2
239,TUR,,Turkey,38.9637,35.2433,0,0,0,0,0,0,0,0,0,0,0,0,0,0,0,0,0,0,0,0,0,0,0,0,0,0,0,0,0,0,0,0,0,0,0,0,0,0,0,0,0,0,0,0,0,0,0,0,1,0,4,0,1,12,29,51,94,167,311,566,293,343,561,1196,2069,1704,1815,1610,2704,2148,2456,2786,3013,3135,3148,3892,4117,4056,4747,5138,4789,4093,4062,4281,4801,4353,3783,3977,4674,4611,3083,3116,3122,2861,2357,2131,2392,2936,2615,2188,1983,1670,1614,1832,2253,1977,1848,1546
240,UGA,,Uganda,1.0,32.0,0,0,0,0,0,0,0,0,0,0,0,0,0,0,0,0,0,0,0,0,0,0,0,0,0,0,0,0,0,0,0,0,0,0,0,0,0,0,0,0,0,0,0,0,0,0,0,0,0,0,0,0,0,0,0,0,0,0,1,0,8,0,5,0,9,7,3,0,11,0,1,3,0,4,0,0,1,0,0,0,1,0,1,0,0,1,-1,0,1,5,2,11,1,0,4,0,0,2,2,2,3,1,8,1,2,1,0,15
241,UKR,,Ukraine,48.3794,31.1656,0,0,0,0,0,0,0,0,0,0,0,0,0,0,0,0,0,0,0,0,0,0,0,0,0,0,0,0,0,0,0,0,0,0,0,0,0,0,0,0,1,0,0,0,0,0,0,0,0,0,2,0,0,4,7,0,2,13,18,26,0,24,48,51,114,46,119,73,97,149,103,175,153,83,11,143,206,224,311,308,266,325,270,392,397,501,444,343,261,415,467,578,477,478,492,392,401,456,540,455,550,502,418,366,487,507,504,515
242,ARE,,United Arab Emirates,24.0,54.0,0,0,0,0,0,0,4,0,0,0,1,0,0,0,0,0,2,0,1,0,0,0,0,0,1,0,0,0,0,0,4,0,0,0,0,0,6,2,0,0,6,0,2,0,16,0,0,29,0,11,0,0,13,0,0,15,27,0,13,0,45,50,85,0,72,63,102,41,53,150,210,240,241,294,277,283,300,331,370,376,387,398,412,432,460,477,0,479,484,490,483,518,525,532,536,490,541,549,552,557,561,564,567,462,546,502,553,624
243,GBR,Bermuda,United Kingdom,32.3078,-64.7505,0,0,0,0,0,0,0,0,0,0,0,0,0,0,0,0,0,0,0,0,0,0,0,0,0,0,0,0,0,0,0,0,0,0,0,0,0,0,0,0,0,0,0,0,0,0,0,0,0,0,0,0,0,0,0,0,2,0,0,4,0,0,1,8,2,0,5,5,5,0,3,0,0,2,2,0,0,9,0,0,9,0,0,24,0,2,0,3,0,0,13,0,0,10,0,1,0,1,3,0,0,1,0,0,3,0,0,0
244,GBR,Cayman Islands,United Kingdom,19.3133,-81.2546,0,0,0,0,0,0,0,0,0,0,0,0,0,0,0,0,0,0,0,0,0,0,0,0,0,0,0,0,0,0,0,0,0,0,0,0,0,0,0,0,0,0,0,0,0,0,0,0,0,0,1,0,0,0,0,0,2,0,0,0,2,1,2,0,0,0,0,4,2,8,6,0,7,0,4,6,0,0,0,0,8,0,1,0,6,1,0,0,5,0,0,0,4,0,0,0,0,3,0,1,0,0,1,3,0,2,1,0
245,GBR,Channel Islands,United Kingdom,49.3723,-2.3644,0,0,0,0,0,0,0,0,0,0,0,0,0,0,0,0,0,0,0,0,0,0,0,0,0,0,0,0,0,0,0,0,0,0,0,0,0,0,0,0,0,0,0,0,0,0,0,1,1,0,0,0,1,3,0,0,5,3,18,0,4,0,10,20,22,9,11,33,0,31,21,39,30,47,14,12,16,10,37,9,24,5,4,7,10,13,14,4,0,8,2,23,2,2,0,0,5,7,0,1,5,1,0,1,0,0,0,0
246,GBR,Gibraltar,United Kingdom,36.1408,-5.3536,0,0,0,0,0,0,0,0,0,0,0,0,0,0,0,0,0,0,0,0,0,0,0,0,0,0,0,0,0,0,0,0,0,0,0,0,0,0,0,0,0,1,0,0,0,0,0,0,0,0,0,0,0,0,2,5,2,0,0,5,0,0,11,9,20,1,9,4,0,12,7,7,3,5,6,4,7,3,4,2,0,0,0,2,0,1,0,0,0,0,0,1,0,3,5,0,0,0,3,0,0,0,0,0,0,0,2,0
247,GBR,Isle of Man,United Kingdom,54.2361,-4.5481,0,0,0,0,0,0,0,0,0,0,0,0,0,0,0,0,0,0,0,0,0,0,0,0,0,0,0,0,0,0,0,0,0,0,0,0,0,0,0,0,0,0,0,0,0,0,0,0,0,0,0,0,0,0,0,0,0,1,0,4,8,10,0,2,4,3,10,7,11,8,27,19,12,1,12,11,8,32,11,25,2,14,12,2,28,7,6,1,2,7,0,0,1,0,0,0,1,4,2,1,4,1,4,1,1,2,0,0
248,GBR,Montserrat,United Kingdom,16.7425,-62.1874,0,0,0,0,0,0,0,0,0,0,0,0,0,0,0,0,0,0,0,0,0,0,0,0,0,0,0,0,0,0,0,0,0,0,0,0,0,0,0,0,0,0,0,0,0,0,0,0,0,0,0,0,0,0,0,1,0,0,0,0,0,0,0,4,0,0,0,0,0,0,0,1,0,0,0,3,0,0,0,0,0,2,0,0,0,0,0,0,0,0,0,0,0,0,0,0,0,0,0,0,0,0,0,0,0,0,0,0
249,GBR,,United Kingdom,55.3781,-3.4360000000000004,0,0,0,0,0,0,0,0,2,0,0,0,0,0,0,1,0,0,5,0,1,0,0,0,0,0,0,0,0,0,0,0,4,0,0,2,5,3,13,4,11,34,30,48,43,67,48,61,74,0,342,342,0,403,407,676,63,1294,1035,665,967,1427,1452,2129,2885,2546,2433,2619,3009,4324,4244,4450,3735,5903,3802,3634,5491,4344,8681,5233,5288,4342,5252,4603,4617,5599,5525,5850,4676,4301,4451,4583,5386,4913,4463,4309,3996,4076,6032,6201,4806,4339,3985,4406,6111,5614,4649,3896
250,GBR,Anguilla,United Kingdom,18.2206,-63.0686,0,0,0,0,0,0,0,0,0,0,0,0,0,0,0,0,0,0,0,0,0,0,0,0,0,0,0,0,0,0,0,0,0,0,0,0,0,0,0,0,0,0,0,0,0,0,0,0,0,0,0,0,0,0,0,0,0,0,0,0,0,0,0,0,0,2,0,0,0,0,1,0,0,0,0,0,0,0,0,0,0,0,0,0,0,0,0,0,0,0,0,0,0,0,0,0,0,0,0,0,0,0,0,0,0,0,0,0
251,GBR,British Virgin Islands,United Kingdom,18.4207,-64.64,0,0,0,0,0,0,0,0,0,0,0,0,0,0,0,0,0,0,0,0,0,0,0,0,0,0,0,0,0,0,0,0,0,0,0,0,0,0,0,0,0,0,0,0,0,0,0,0,0,0,0,0,0,0,0,0,0,0,0,0,0,0,0,0,0,2,0,0,1,0,0,0,0,0,0,0,0,0,0,0,0,0,0,0,0,1,0,0,1,0,0,0,0,1,0,0,0,0,0,0,0,0,0,0,1,0,0,0
252,GBR,Turks and Caicos Islands,United Kingdom,21.69400000000001,-71.7979,0,0,0,0,0,0,0,0,0,0,0,0,0,0,0,0,0,0,0,0,0,0,0,0,0,0,0,0,0,0,0,0,0,0,0,0,0,0,0,0,0,0,0,0,0,0,0,0,0,0,0,0,0,0,0,0,0,0,0,0,0,0,0,0,0,4,0,1,0,1,-1,0,0,0,3,0,0,0,0,0,1,1,0,0,1,0,0,0,0,0,0,0,0,0,0,1,0,0,0,0,0,0,0,0,0,0,0,0
253,GBR,Falkland Islands (Malvinas),United Kingdom,-51.7963,-59.5236,0,0,0,0,0,0,0,0,0,0,0,0,0,0,0,0,0,0,0,0,0,0,0,0,0,0,0,0,0,0,0,0,0,0,0,0,0,0,0,0,0,0,0,0,0,0,0,0,0,0,0,0,0,0,0,0,0,0,0,0,0,0,0,0,0,0,0,0,0,0,0,0,1,1,0,0,3,0,0,0,0,0,6,0,0,0,0,0,0,0,0,1,1,0,0,0,0,0,0,0,0,0,0,0,0,0,0,0
254,USA,,US,37.0902,-95.7129,0,1,0,3,0,0,0,0,2,1,0,3,0,0,0,0,0,0,0,1,0,1,0,0,0,0,0,0,0,2,0,0,36,0,6,1,2,8,6,24,20,31,68,45,140,116,65,376,322,382,516,548,772,1133,1789,1362,5964,5526,6327,7676,10567,9893,12042,18058,17821,19808,19444,20922,26341,25070,30380,31745,33283,28152,29515,30804,31533,34126,33755,29861,28917,25306,27051,28680,31242,32114,32491,26612,25517,27539,28486,28819,36188,32796,27631,22412,24385,27327,29515,34037,29078,25501,22335,23976,24980,27692,26906,25621
255,URY,,Uruguay,-32.5228,-55.7658,0,0,0,0,0,0,0,0,0,0,0,0,0,0,0,0,0,0,0,0,0,0,0,0,0,0,0,0,0,0,0,0,0,0,0,0,0,0,0,0,0,0,0,0,0,0,0,0,0,0,0,4,0,4,21,21,29,15,16,48,4,0,27,28,21,36,30,6,28,0,12,19,31,0,6,18,0,32,17,21,-14,0,3,9,10,0,6,9,18,0,8,14,6,33,10,14,5,5,13,5,4,3,2,13,3,11,10,8
256,UZB,,Uzbekistan,41.3775,64.5853,0,0,0,0,0,0,0,0,0,0,0,0,0,0,0,0,0,0,0,0,0,0,0,0,0,0,0,0,0,0,0,0,0,0,0,0,0,0,0,0,0,0,0,0,0,0,0,0,0,0,0,0,1,5,4,5,8,10,10,0,3,4,10,15,13,16,40,5,23,9,24,22,39,76,115,63,25,37,42,143,98,133,167,137,47,56,85,75,62,51,38,42,46,58,7,35,35,63,37,47,32,31,40,18,26,65,27,24
257,VEN,,Venezuela,6.4238,-66.5897,0,0,0,0,0,0,0,0,0,0,0,0,0,0,0,0,0,0,0,0,0,0,0,0,0,0,0,0,0,0,0,0,0,0,0,0,0,0,0,0,0,0,0,0,0,0,0,0,0,0,0,2,8,7,16,3,6,0,28,0,7,7,7,16,0,12,0,16,0,8,3,7,2,4,6,0,2,4,0,4,6,8,0,8,7,0,23,29,0,29,3,23,7,5,2,4,0,2,2,2,10,12,0,4,18,2,7,14
258,VNM,,Vietnam,16.0,108.0,2,0,0,0,0,0,0,0,0,4,0,2,0,0,2,0,3,0,1,1,0,1,0,0,0,0,0,0,0,0,0,0,0,0,0,0,0,0,0,0,0,0,0,0,2,12,0,1,7,1,8,6,3,5,5,9,10,6,3,19,10,11,7,12,10,11,14,15,9,6,15,4,3,1,4,4,2,4,2,1,4,3,1,1,1,0,0,0,0,0,0,0,2,0,0,0,0,0,0,0,0,1,0,0,0,17,0,0
259,ESH,,Western Sahara,24.2155,-12.8858,0,0,0,0,0,0,0,0,0,0,0,0,0,0,0,0,0,0,0,0,0,0,0,0,0,0,0,0,0,0,0,0,0,0,0,0,0,0,0,0,0,0,0,0,0,0,0,0,0,0,0,0,0,0,0,0,0,0,0,0,0,0,0,0,0,0,0,0,0,0,0,0,0,4,0,0,0,0,0,0,2,0,0,0,0,0,0,0,0,0,0,0,0,0,0,0,0,0,0,0,0,0,0,0,0,0,0,0
260,YEM,,Yemen,15.552727,48.516388,0,0,0,0,0,0,0,0,0,0,0,0,0,0,0,0,0,0,0,0,0,0,0,0,0,0,0,0,0,0,0,0,0,0,0,0,0,0,0,0,0,0,0,0,0,0,0,0,0,0,0,0,0,0,0,0,0,0,0,0,0,0,0,0,0,0,0,0,0,0,0,0,0,0,0,0,0,0,1,0,0,0,0,0,0,0,0,0,0,0,0,0,0,0,0,0,0,5,0,1,3,0,2,10,3,0,9,0
261,ZMB,,Zambia,-15.4167,28.2833,0,0,0,0,0,0,0,0,0,0,0,0,0,0,0,0,0,0,0,0,0,0,0,0,0,0,0,0,0,0,0,0,0,0,0,0,0,0,0,0,0,0,0,0,0,0,0,0,0,0,0,0,0,0,0,2,0,0,0,1,0,0,9,4,6,6,1,6,0,1,3,0,0,0,0,0,0,0,1,0,3,2,0,3,0,4,5,4,4,5,4,2,8,0,4,0,7,2,9,3,10,5,13,1,8,7,14,85
262,ZWE,,Zimbabwe,-20.0,30.0,0,0,0,0,0,0,0,0,0,0,0,0,0,0,0,0,0,0,0,0,0,0,0,0,0,0,0,0,0,0,0,0,0,0,0,0,0,0,0,0,0,0,0,0,0,0,0,0,0,0,0,0,0,0,0,0,0,1,2,0,0,0,0,0,2,2,0,0,1,0,1,0,0,0,1,1,0,0,2,1,0,3,0,6,0,1,1,0,0,3,0,0,1,2,0,1,0,0,8,0,-6,0,0,0,0,0,0,1
263,,,Diamond Princess,0.0,0.0,0,0,0,0,0,0,0,0,0,0,0,0,0,0,0,61,0,3,71,0,40,0,43,67,70,99,88,79,13,0,0,57,0,0,14,0,0,0,0,0,1,0,0,0,0,0,0,0,0,0,0,0,0,0,0,6,0,0,0,0,0,0,0,0,0,0,0,0,0,0,0,0,0,0,0,0,0,0,0,0,0,0,0,0,0,0,0,0,0,0,0,0,0,0,0,0,0,0,0,0,0,0,0,0,0,0,0,0
264,XKS,,Kosovo,42.602636,20.902977,0,0,0,0,0,0,0,0,0,0,0,0,0,0,0,0,0,0,0,0,0,0,0,0,0,0,0,0,0,0,0,0,0,0,0,0,0,0,0,0,0,0,0,0,0,0,0,0,0,0,0,0,0,0,0,0,0,0,0,0,0,0,0,71,15,5,3,0,18,13,0,1,9,10,0,25,14,0,66,33,0,0,104,0,62,31,30,51,37,6,26,39,34,28,32,17,10,9,7,0,17,28,4,1,0,5,0,1
265,,,MS Zaandam,0.0,0.0,0,0,0,0,0,0,0,0,0,0,0,0,0,0,0,0,0,0,0,0,0,0,0,0,0,0,0,0,0,0,0,0,0,0,0,0,0,0,0,0,0,0,0,0,0,0,0,0,0,0,0,0,0,0,0,0,0,0,0,0,0,0,0,0,0,2,0,0,0,7,0,0,0,0,0,0,0,0,0,0,0,0,0,0,0,0,0,0,0,0,0,0,0,0,0,0,0,0,0,0,0,0,0,0,0,0,0,0
