,Country Name,Country Code,Total_Pop,Pop_Over_65,Urban_Pop,Life_Expectancy,Pop_Desity,GNI_Per_Capita,Health_Coverage_last,Social_Coverage_last,Hospital_beds_per_1000_last,Physician_per_1000_last,Vulnerable_emp_last,Lat,Long,Confirmed,Deaths,Recovered,Deaths_Rate,Day_Change
0,Argentina,ARG,44494502.0,4946805.0,40877099.0,76.372,16.2585101,12390.0,30.5905578,46.36080045,5.0,3.96,21.5019995,-38.4161,-63.6167,5776.0,300.0,1728.0,0.05193006750908776,165.0
1,Australia,AUS,24992369.0,3912924.0,21496436.0,82.49756098,3.249129487,53230.0,,,3.8,3.5874,10.72899967,-31.9961875,141.2327875,867.375,12.125,767.625,0.017800167701051202,2.625
2,Brazil,BRA,209469333.0,18690609.0,181335507.0,75.456,25.06171624,9140.0,30.53531192,53.80871123,2.2,2.1499,27.52400064,-14.235,-51.9253,156061.0,10656.0,61685.0,0.06828055516397329,9167.0
3,China,CHN,1392730000.0,152098421.0,823827650.0,76.47,148.34883330000005,9460.0,35.57958066,63.05300071,4.2,1.7855,43.82800102,32.82838484848485,111.64908181818183,2545.151515151515,140.5151515151515,2397.787878787879,0.010969499911615837,0.42424242424242425
4,France,FRA,66987244.0,13420643.0,53887219.0,82.52439024,122.3383957,41080.0,,,6.5,3.2349,7.44200021,8.305672727272727,5.42901818181818,16071.09090909091,2392.090909090909,5104.363636363636,0.036566263546510734,52.72727272727273
5,Germany,DEU,82927922.0,17797959.0,64113235.0,80.9902439,237.37096980000004,47090.0,,,8.3,4.2087,5.825000048,51.0,9.0,171324.0,7549.0,143300.0,0.04406245439953305,736.0
6,India,IND,1352617328.0,83591151.0,460295677.0,69.165,454.9380726,2020.0,17.6635168,93.98880258,0.7,0.7776,76.69500256,21.0,78.0,62808.0,2101.0,19301.0,0.033450620134057224,3113.0
7,Indonesia,IDN,267663435.0,15677491.0,148084795.0,71.282,147.75219009999995,3840.0,8.178754439,57.4129369,1.2,0.3777,47.22200108,-0.7893,113.9213,13645.0,959.0,2607.0,0.07027700425032976,533.0
8,Italy,ITA,60431283.0,13749132.0,42566587.0,83.24390244,205.4507479,33730.0,,,3.4,4.0931,17.0,43.0,12.0,218268.0,30395.0,103031.0,0.1392547727803765,1083.0
9,Japan,JPN,126529100.0,34892133.0,115920900.0,84.0997561,347.0734584,41310.0,,,13.4,2.4118,8.392999887,36.0,138.0,15663.0,607.0,5906.0,0.03875127681307457,88.0
10,"Korea, South",KOR,51635256.0,7445058.0,42061563.0,82.62682927,529.6521036,30600.0,,,11.5,2.3661,23.5200007,36.0,128.0,10874.0,256.0,9610.0,0.02354022988505747,34.0
11,Mexico,MEX,126190788.0,9115625.0,101149488.0,74.947,64.91462641,9180.0,41.88906068,65.68296509,1.5,2.2478,26.81899929,23.6345,-102.5528,33460.0,3353.0,21824.0,0.10020621021487702,1938.0
12,Netherlands,NLD,17231017.0,3307699.0,15764657.0,81.56097561,511.4579104,51260.0,,,,3.5067,12.65999976,21.40834,-53.00556,8516.2,1088.2,29.8,0.08219382791221388,57.8
13,Russia,RUS,144478050.0,21201732.0,107539347.0,72.11902439,8.822079555,10230.0,56.34119953,77.87514109,8.2,4.0139,5.24699989,60.0,90.0,198676.0,1827.0,31916.0,0.009195830418216502,10817.0
14,Saudi Arabia,SAU,33699947.0,1116846.0,28255384.0,74.874,15.67665431,21600.0,,,2.7,2.39,2.9610000160000003,24.0,45.0,37136.0,239.0,10144.0,0.006435630233998438,1704.0
15,Spain,ESP,46723749.0,9054365.0,37528982.0,83.32926829,93.52905826,29340.0,,,3.0,4.0691,11.36199993,40.0,-4.0,223578.0,26478.0,133952.0,0.11842793822317839,721.0
16,Switzerland,CHE,8516543.0,1586054.0,6284953.0,83.60243902,215.5213784,84410.0,,,4.7,4.2363,8.983000159,46.8182,8.2275,30251.0,1830.0,26400.0,0.060491868306227686,44.0
17,Turkey,TUR,82319724.0,6983357.0,61857510.0,77.161,106.96012890000002,10420.0,36.06027686,50.36213194,2.7,1.7605,28.00899887,38.9637,35.2433,137115.0,3739.0,89480.0,0.027268881822690275,1546.0
18,United Kingdom,GBR,66488991.0,12231225.0,55450489.0,81.15609756,274.8273922,41770.0,,,2.8,2.8058,12.92399985,24.54817272727273,-43.90224545454546,19684.090909090908,2878.3636363636365,91.0,0.058891068381250244,354.1818181818182
19,US,USA,327167434.0,51717496.0,269114845.0,78.53902439,35.76608858,63080.0,,,2.9,2.5948,3.733999941,37.0902,-95.7129,1309550.0,78795.0,212534.0,0.06016947793556723,25621.0
20,Afghanistan,AFG,37172386.0,960879.0,9477100.0,64.13,56.93776001,550.0,,8.820582327,0.5,0.284,89.3789978,33.0,65.0,4033.0,115.0,502.0,0.028507684680218144,255.0
21,Albania,ALB,2866376.0,393976.0,1728969.0,78.333,104.6122628,4860.0,36.25506315,54.88551,2.9,1.1998,54.85400009,41.1533,20.1683,856.0,31.0,627.0,0.03617269544924154,6.0
22,Algeria,DZA,42228429.0,2686782.0,30670086.0,76.499,17.73007507,3920.0,,,1.9,1.83,26.76200044,28.0339,1.6596,5558.0,494.0,2546.0,0.088864903759669,189.0
23,Andorra,AND,77006.0,,67813.0,,163.8425532,,,,,3.3333,,42.5063,1.5218,754.0,48.0,545.0,0.06357615894039735,2.0
24,Angola,AGO,30809762.0,682859.0,20184707.0,60.379,24.71305206,3370.0,,,,0.2149,67.08900166,-11.2027,17.8739,43.0,2.0,13.0,0.045454545454545456,0.0
25,Antigua and Barbuda,ATG,96286.0,8473.0,23685.0,76.752,218.8318182,15890.0,,,3.8,2.7647,,17.0608,-61.7964,25.0,3.0,19.0,0.11538461538461539,0.0
26,Armenia,ARM,2951776.0,332187.0,1864017.0,74.797,103.6802248,4230.0,54.75133382,66.76264983,4.2,2.899,40.21000099,40.0691,45.0382,3175.0,44.0,1267.0,0.013853904282115869,146.0
27,Austria,AUT,8847037.0,1681076.0,5157557.0,81.64146341,107.2069267,49310.0,,,7.6,5.1441,7.6660000089999984,47.5162,14.5501,15833.0,615.0,13928.0,0.038840469874952634,59.0
28,Azerbaijan,AZE,9942334.0,615946.0,5535892.0,72.693,120.2653199,4050.0,50.61209719,64.6436151,4.7,3.4466,55.03899956,40.1431,47.5769,2422.0,31.0,1620.0,0.012794056954189021,143.0
29,"Bahamas, The",BHS,385640.0,27988.0,320178.0,73.554,38.52547453,30520.0,,,2.9,1.9373,9.94900009,25.0343,-77.3963,92.0,11.0,37.0,0.11827956989247312,0.0
30,Bahrain,BHR,1569439.0,38080.0,1401305.0,77.032,2017.2737,21890.0,,,2.0,0.9257,1.047999978,26.0275,50.55,4774.0,8.0,2055.0,0.001675392670157068,330.0
31,Bangladesh,BGD,161356039.0,8323375.0,59107944.0,72.05199999999998,1239.5793119999996,1750.0,1.498691912,17.77090749,0.8,0.5268,55.49200153,23.685,90.3563,13770.0,214.0,2414.0,0.015539902694067242,636.0
32,Barbados,BRB,286641.0,45297.0,89280.0,78.98100000000002,666.6069767000001,15410.0,,,5.8,2.4886,15.77499981,13.1939,-59.5432,84.0,7.0,57.0,0.08235294117647059,1.0
33,Belarus,BLR,9485386.0,1408120.0,7455039.0,74.12926829,46.7287999,5670.0,49.98794948,76.35101137,11.0,4.0772,3.4609999210000004,53.7098,27.9534,22052.0,126.0,6050.0,0.005713508366208679,951.0
34,Belgium,BEL,11422068.0,2146063.0,11193741.0,81.43902439,377.2149273,45910.0,,,6.2,3.3234,10.20100009,50.8333,4.0,52596.0,8581.0,13411.0,0.16314618704488848,585.0
35,Belize,BLZ,383071.0,18144.0,175155.0,74.365,16.79399386,4470.0,,,1.3,1.1262,27.11899996,13.1939,-59.5432,18.0,2.0,16.0,0.10526315789473684,0.0
36,Benin,BEN,11485048.0,373678.0,5433806.0,61.174,101.8539198,870.0,,,0.5,0.1572,87.96699715,9.3077,2.3158,284.0,2.0,62.0,0.007017543859649123,42.0
37,Bhutan,BTN,754394.0,45286.0,308509.0,71.12899999999998,19.77752777,2970.0,0.712240916,2.916979848,1.7,0.3715,71.35299873,27.5142,90.4336,7.0,0.0,5.0,0.0,0.0
38,Bolivia,BOL,11353142.0,816512.0,7881919.0,70.945,10.48014585,3370.0,7.770635024,78.19620111,1.1,1.6111,58.09999847,-16.2902,-63.5887,2437.0,114.0,258.0,0.04675963904840033,171.0
39,Bosnia and Herzegovina,BIH,3323929.0,547462.0,1603630.0,77.128,64.92048828,5740.0,40.1629567,50.34959309,3.5,2.0003,19.26999998,43.9159,17.6791,2090.0,102.0,1059.0,0.04878048780487805,20.0
40,Botswana,BWA,2254126.0,95211.0,1565400.0,68.812,3.977424876,7750.0,,,1.8,0.3688,25.3029995,-22.3285,24.6849,23.0,1.0,12.0,0.041666666666666664,0.0
41,Brunei Darussalam,BRN,428962.0,20904.0,332999.0,75.585,81.39696395,29660.0,,,2.7,1.7701,6.019999862000001,4.5353,114.7277,141.0,1.0,132.0,0.007042253521126761,0.0
42,Bulgaria,BGR,7024216.0,1476625.0,5268724.0,74.81219512,64.70353721,8860.0,,,6.8,3.9879,8.223000169,42.7339,25.4858,1921.0,90.0,422.0,0.046826222684703434,49.0
43,Burkina Faso,BFA,19751535.0,475416.0,5798656.0,60.768,72.19128289,670.0,2.186173571,4.280444122,0.4,0.06,86.40799713,12.2383,-1.5616,748.0,48.0,569.0,0.06408544726301736,4.0
44,Burundi,BDI,11175378.0,251104.0,1456375.0,60.898,435.178271,280.0,,,0.8,0.05,94.64800262,-3.3731,29.9189,15.0,1.0,7.0,0.0625,0.0
45,Cabo Verde,CPV,543767.0,25064.0,357429.0,72.57,134.9297767,3420.0,,,2.1,0.7694,28.77499938,16.5388,-23.0418,236.0,2.0,56.0,0.008438818565400843,6.0
46,Cambodia,KHM,16249798.0,742401.0,3800503.0,69.289,92.05641287,1390.0,1.86913899,3.085970529,0.8,0.1682,50.77499962,11.55,104.9167,122.0,0.0,120.0,0.0,0.0
47,Cameroon,CMR,25216237.0,688120.0,14215401.0,58.511,53.34398891,1440.0,3.408110252,5.013449196,1.3,0.0898,73.74600029,3.848,11.5021,2274.0,108.0,1232.0,0.047472527472527476,7.0
48,Canada,CAN,37058856.0,6385985.0,30169985.0,82.24897561,4.075308214,44940.0,,,2.7,2.6102,10.72899997,44.78404666666667,-82.50859333333332,4594.533333333334,321.53333333333336,31262.0,0.05508053413385728,82.93333333333334
49,Central African Republic,CAF,4666377.0,131861.0,1930200.0,52.24,7.490412212000001,490.0,,,1.0,0.0629,93.6269989,6.6111,20.9394,143.0,0.0,10.0,0.0,0.0
50,Chad,TCD,15477751.0,383929.0,3569015.0,53.712,12.29173364,670.0,2.477971792,2.974368954,,0.0475,93.10099792,15.4542,18.7322,322.0,31.0,53.0,0.09597523219814241,62.0
51,Chile,CHL,18729160.0,2159435.0,16400002.0,79.90899999999998,25.18944607,14670.0,44.91270209,87.72247427,2.2,1.08,24.07000017,-35.6751,-71.543,27219.0,304.0,12667.0,0.011168258633357825,1247.0
52,Colombia,COL,49648685.0,4209239.0,40105215.0,76.925,44.74870212,6180.0,9.270317658,65.6766814,1.5,2.0835,46.83599997,4.5709,-74.2973,10495.0,445.0,2569.0,0.042397103658536585,444.0
53,Comoros,COM,832322.0,25028.0,241082.0,63.912,447.2444775,1380.0,,,2.2,0.1699,64.66900158,-11.6455,43.3333,11.0,1.0,0.0,0.08333333333333333,3.0
54,"Congo, Dem. Rep.",COD,84068091.0,2537041.0,37376673.0,60.026,37.08259236,490.0,1.599621117,11.057385,,0.09,79.69499779,-4.0383,21.7587,274.0,10.0,33.0,0.03636363636363636,0.0
55,"Congo, Rep.",COG,5244363.0,140639.0,3509318.0,63.95399999999999,15.35684627,1640.0,,,,0.1159,76.93700266,-4.0383,21.7587,937.0,39.0,130.0,0.04157782515991471,0.0
56,Costa Rica,CRI,4999441.0,477439.0,3966556.0,79.914,97.91306306,11520.0,15.58204891,66.63602779,1.2,1.1497,20.07799983,9.7489,-83.7534,780.0,6.0,480.0,0.0076824583866837385,7.0
57,Cote d'Ivoire,CIV,25069229.0,716715.0,12729904.0,57.017,78.83405346,1600.0,7.922548506,32.862669800000006,,0.2326,72.35900021,7.54,-5.5471,1667.0,21.0,769.0,0.012589928057553957,65.0
58,Croatia,HRV,4089400.0,836096.0,2328791.0,77.82682927,73.077198,14000.0,57.51293013,70.71853665,5.6,2.9962,7.519999743,45.1,15.2,2176.0,87.0,1726.0,0.0399632521819017,15.0
59,Cuba,CUB,11338138.0,1721834.0,8734561.0,78.66199999999998,108.9995962,7480.0,,,5.2,8.19,7.988000213999999,22.0,-80.0,1754.0,74.0,1140.0,0.042165242165242166,13.0
60,Cyprus,CYP,1189265.0,163156.0,794548.0,80.672,128.7083333,26300.0,,,3.4,1.9511,11.10400039,35.1264,33.4299,892.0,15.0,401.0,0.0167973124300112,1.0
61,Czech Republic,CZE,10625695.0,2063603.0,7840913.0,79.47560976,137.60288789999998,20240.0,,,6.5,4.314,13.90999991,49.8175,15.473,8095.0,276.0,4447.0,0.03409090909090909,18.0
62,Denmark,DNK,5797446.0,1148645.0,5094448.0,81.00487805,138.0673017,60140.0,,,2.5,4.4567,5.109000057,63.287800000000004,-13.338100000000003,3505.6666666666665,175.33333333333334,2763.6666666666665,0.016989664082687338,33.666666666666664
63,Djibouti,DJI,958920.0,43416.0,745819.0,65.893,41.36842105,3190.0,8.50192379,20.94194148,1.4,0.2203,47.27200079,11.8251,42.5903,1189.0,3.0,834.0,0.0025210084033613447,54.0
64,Dominica,DMA,71625.0,,50483.0,,95.5,7090.0,,,3.8,1.0825,,15.415,-61.371,16.0,0.0,14.0,0.0,0.0
65,Dominican Republic,DOM,10627165.0,752703.0,8615868.0,73.689,219.9785759,7760.0,6.485660222999999,34.53420087,1.6,1.56,40.22500098,18.7357,-70.1627,9882.0,385.0,2584.0,0.03895578265708793,506.0
66,Ecuador,ECU,17084357.0,1222777.0,10903407.0,76.584,68.78868175,6110.0,10.93042144,72.57548089,1.5,2.05,46.12099934,-1.8312,-78.1834,29071.0,1717.0,3433.0,0.05906026417171161,253.0
67,"Egypt, Arab Rep.",EGY,98423595.0,5147337.0,42030812.0,71.656,98.87346929,2800.0,,,1.6,0.7902,21.33899975,26.0,30.0,8964.0,514.0,2002.0,0.05733407696597881,488.0
68,El Salvador,SLV,6420744.0,532093.0,4624412.0,72.872,309.8814672,3820.0,6.156111357,58.09289859,1.3,1.569,36.07399988,13.7942,-88.8965,784.0,17.0,276.0,0.02165605095541401,42.0
69,Equatorial Guinea,GNQ,1308974.0,32173.0,944333.0,58.06100000000001,46.66573975,6840.0,,,2.1,0.4,55.8010006,1.5,10.0,439.0,4.0,13.0,0.00909090909090909,0.0
70,Eritrea,ERI,3213972.0,131254.0,1149670.0,65.538,31.82150495,720.0,,,0.7,,78.19699859999999,15.1794,39.7823,39.0,0.0,37.0,0.0,0.0
71,Estonia,EST,1320884.0,259241.0,909825.0,77.64146341,30.38610536,21140.0,,,5.0,3.4651,5.504000082999999,58.5953,25.0136,1733.0,60.0,747.0,0.03460207612456748,8.0
72,Eswatini,SWZ,1136191.0,45613.0,270402.0,58.319,66.05761628,3930.0,,,2.1,0.0796,32.876000399999995,-26.5225,31.4659,163.0,2.0,14.0,0.012195121951219513,4.0
73,Ethiopia,ETH,109224559.0,3824097.0,22678295.0,65.872,109.224559,790.0,,13.24794851,0.3,0.1,85.98099899,9.145,40.4897,210.0,5.0,97.0,0.023696682464454975,16.0
74,Fiji,FJI,883483.0,48147.0,496942.0,67.252,48.35703339,5860.0,,,2.3,0.8374,43.28199959,-17.7134,178.065,18.0,0.0,14.0,0.0,0.0
75,Finland,FIN,5518050.0,1198564.0,4711421.0,81.42926829,18.15685565,48280.0,,,4.4,3.808,9.225000232000001,64.0,26.0,5880.0,265.0,4000.0,0.04506036388369325,142.0
76,Gabon,GAB,2119275.0,75529.0,1893996.0,65.839,8.224764233,6830.0,,,6.3,0.3611,31.53200078,-0.8037,11.6094,661.0,8.0,110.0,0.012084592145015106,41.0
77,"Gambia, The",GMB,2280102.0,59054.0,1397018.0,61.44,225.3065217,710.0,1.75799959,8.30704046,1.1,0.1077,72.29600143,13.4432,-15.3101,20.0,1.0,9.0,0.047619047619047616,0.0
78,Georgia,GEO,3731000.0,554631.0,2187560.0,73.414,65.27520207,4440.0,,64.65342264,2.6,5.0976,49.24500084,42.3154,43.3569,626.0,10.0,297.0,0.01594896331738437,3.0
79,Ghana,GHA,29767108.0,913522.0,16687441.0,63.463,130.8214292,2130.0,59.52041378,63.67291212,0.9,0.18,68.86299992,7.9465,-1.0232,4263.0,22.0,378.0,0.005159474671669793,251.0
80,Greece,GRC,10727668.0,2323106.0,8481080.0,81.38780488,83.22473235,19770.0,,,4.3,4.592,26.66300058,39.0742,21.8243,2710.0,151.0,1374.0,0.05569900405754334,19.0
81,Grenada,GRD,111454.0,10724.0,40427.0,72.388,327.8058824,9650.0,,,3.7,1.4471,,12.1165,-61.679,21.0,0.0,13.0,0.0,0.0
82,Guatemala,GTM,17247807.0,829977.0,8805695.0,73.81,160.9537794,4400.0,3.986681421,63.26831187,0.6,0.355,34.52200031,15.7835,-90.2308,967.0,24.0,104.0,0.024793388429752067,67.0
83,Guinea,GIN,12414318.0,363246.0,4486535.0,60.706,50.52221227,850.0,2.284316127,3.89322263,0.3,0.0788,89.94799995,9.9456,-9.6966,2042.0,11.0,698.0,0.0053842388644150755,33.0
84,Guinea-Bissau,GNB,1874309.0,52925.0,812700.0,57.673,66.65394737,750.0,,,,0.2,78.34399986,11.8037,-15.1804,641.0,3.0,25.0,0.004672897196261682,47.0
85,Guyana,GUY,779004.0,50248.0,207262.0,69.624,3.957348235,4770.0,,,1.6,0.799,56.82600117,5.0,-58.75,94.0,10.0,35.0,0.10526315789473684,0.0
86,Haiti,HTI,11123176.0,550531.0,6148669.0,63.29,403.5985486,800.0,0.370971426,19.46214024,0.7,0.2345,84.94000030000002,18.9712,-72.2852,151.0,12.0,17.0,0.07894736842105263,5.0
87,Honduras,HND,9587522.0,449714.0,5474092.0,74.898,85.68703191,2350.0,2.717433338,55.79375486,0.7,0.3144,40.54699993,15.2,-86.2419,1830.0,108.0,195.0,0.05898416166029492,59.0
88,Hungary,HUN,9768785.0,1871477.0,6970126.0,76.06341463,107.9066055,14780.0,,,7.0,3.2312,5.6889999210000015,47.1625,19.5033,3213.0,405.0,904.0,0.12601120099564406,35.0
89,Iceland,ISL,353574.0,52312.0,331698.0,82.20487805,3.526922693,67960.0,,,3.2,3.9701,7.939999834,64.9631,-19.0208,1801.0,10.0,1773.0,0.005549389567147614,0.0
90,Iran,IRN,81800269.0,5058998.0,61266765.0,76.271,50.22242012,5470.0,,,1.5,1.14,41.24199963,32.0,53.0,106220.0,6589.0,85064.0,0.06203104847440713,1529.0
91,Iraq,IRQ,38433600.0,1277379.0,27085311.0,70.294,88.53057004,5040.0,26.36446555,83.55954253,1.4,0.8217,25.85400033,33.0,44.0,2679.0,107.0,1702.0,0.03992537313432836,76.0
92,Ireland,IRL,4853506.0,672978.0,3065960.0,81.95609756,70.45298302,61390.0,,,2.8,3.0861,10.85500044,53.1424,-7.6921,22760.0,1446.0,17110.0,0.06352972189271122,219.0
93,Israel,ISR,8883800.0,1064011.0,8210230.0,82.60243902,410.5268022,40920.0,,,3.1,3.2176,8.228000283,31.0,35.0,16454.0,247.0,11376.0,0.015010635065329687,18.0
94,Jamaica,JAM,2934855.0,258169.0,1633951.0,74.267,270.9930748,4970.0,4.342288096,58.2561371,1.7,1.3199,35.72899872,18.1096,-77.2975,490.0,9.0,62.0,0.018329938900203666,0.0
95,Jordan,JOR,9956011.0,382957.0,9057879.0,74.292,112.1424983,4200.0,28.23461177,73.19309317,1.4,2.3436,8.58400017,31.24,36.51,522.0,9.0,387.0,0.017208413001912046,14.0
96,Kazakhstan,KAZ,18276499.0,1350971.0,10495828.0,72.95,6.769825907,8070.0,28.676963300000004,50.21454012,6.7,3.2522,25.84799954,48.0196,66.9237,4975.0,31.0,1776.0,0.006229903536977492,141.0
97,Kenya,KEN,51393010.0,1202178.0,13891531.0,65.90899999999999,90.29941666,1620.0,1.18825729,27.40089335,1.4,0.1988,53.49499893,-0.0236,37.9062,649.0,30.0,207.0,0.046153846153846156,28.0
98,Kuwait,KWT,4137309.0,105521.0,4137309.0,75.311,232.1722222,34290.0,,,2.0,2.5789,1.060999978,29.5,47.75,7623.0,49.0,2622.0,0.00642707240293809,415.0
99,Kyrgyz Republic,KGZ,6315800.0,283878.0,2295856.0,71.2,32.92909281,1220.0,39.34974755,57.86212525,4.5,1.876,33.86500072,41.2044,74.7661,931.0,12.0,658.0,0.012875536480686695,25.0
100,Lao PDR,LAO,7061507.0,287767.0,2471810.0,67.277,30.59578423,2450.0,,,1.5,0.4997,79.95300102,19.85627,102.495496,19.0,0.0,13.0,0.0,0.0
101,Latvia,LVA,1926542.0,386149.0,1312784.0,74.68048780000002,30.98330653,16510.0,,,5.8,3.1946,7.909000158,56.8796,24.6032,930.0,18.0,464.0,0.01933404940923738,2.0
102,Lebanon,LBN,6848925.0,479587.0,6067668.0,78.833,669.4941349,7920.0,,,2.9,2.271,27.58699918,33.8547,35.8623,809.0,26.0,234.0,0.03209876543209877,13.0
103,Liberia,LBR,4818977.0,156782.0,2464955.0,63.295,50.03090739,610.0,0.496428768,14.43706455,0.8,0.0373,77.70799923,6.4281,-9.4295,199.0,20.0,79.0,0.1,0.0
104,Libya,LBY,6678567.0,293325.0,5349666.0,72.52,3.795632381,6400.0,,,3.7,2.1581,5.711000025,26.3351,17.228331,64.0,3.0,24.0,0.046153846153846156,0.0
105,Liechtenstein,LIE,37910.0,,5436.0,82.25853659,236.9375,,,,,,,47.14,9.55,82.0,1.0,55.0,0.012048192771084338,0.0
106,Lithuania,LTU,2789533.0,549678.0,1887928.0,74.67073171,44.53135138,17430.0,,,7.3,4.337,9.517999709,55.1694,23.8813,1444.0,49.0,828.0,0.033910034602076124,8.0
107,Luxembourg,LUX,607728.0,86195.0,552917.0,82.68536585,250.0938272,70870.0,,,4.8,3.0266,6.2210000160000005,49.8153,6.1296,3877.0,101.0,3550.0,0.026044352759154205,6.0
108,Madagascar,MDG,26262368.0,784383.0,9767237.0,66.311,45.13985562,510.0,,5.699430879,0.2,0.1812,85.2480011,-18.7669,46.8691,193.0,0.0,101.0,0.0,0.0
109,Malawi,MWI,18143315.0,479970.0,3072933.0,63.279,192.4407616,360.0,0.566048355,41.52312278,1.3,0.0157,59.53000069,-13.254307999999998,34.301525,56.0,3.0,14.0,0.05263157894736842,13.0
110,Malaysia,MYS,31528585.0,2103510.0,23973075.0,75.828,95.96282149,10590.0,,,1.9,1.5132,21.79099989,2.5,112.5,6589.0,108.0,4929.0,0.01638846737481032,54.0
111,Maldives,MDV,515696.0,19098.0,205288.0,78.325,1718.986667,9280.0,,,,1.0379,19.34999919,3.2028,73.2207,790.0,3.0,29.0,0.0037926675094816687,46.0
112,Mali,MLI,19077690.0,478322.0,8080546.0,58.452,15.63501586,840.0,,,0.1,0.1393,89.62799835,17.570692,-3.996166000000001,692.0,37.0,298.0,0.05339105339105339,24.0
113,Malta,MLT,483530.0,98395.0,457477.0,82.45365854,1511.03125,26480.0,,,4.7,3.826,9.834999964,35.9375,14.3754,490.0,5.0,427.0,0.010183299389002037,1.0
114,Mauritania,MRT,4403319.0,138313.0,2363349.0,64.464,4.272163578,1160.0,,45.21555033,,0.179,52.81000137,21.0079,10.9408,8.0,1.0,6.0,0.1111111111111111,0.0
115,Mauritius,MUS,1265303.0,145183.0,516155.0,74.51463415,623.3019704,12050.0,18.79151166,46.62646318,3.4,2.0246,16.25899959,-20.2,57.5,332.0,10.0,320.0,0.03003003003003003,0.0
116,Moldova,MDA,3545883.0,406697.0,1511574.0,71.717,123.5198035,2980.0,43.89807655,56.59122874,5.8,3.2002,34.25500035,47.4116,28.3699,4867.0,161.0,1925.0,0.03307313064913722,139.0
117,Monaco,MCO,38682.0,,38682.0,,19196.0,,,,13.8,6.5617,,43.7333,7.4167,96.0,4.0,82.0,0.041237113402061855,1.0
118,Mongolia,MNG,3170208.0,129457.0,2169849.0,69.509,2.040608667,3660.0,43.27927886,99.89907534,7.0,2.8866,48.90499926,46.8625,103.8467,42.0,0.0,14.0,0.0,0.0
119,Montenegro,MNE,622345.0,93196.0,415807.0,76.667,46.27100372,8430.0,47.9325448,56.44447529,4.0,2.3337,13.26700044,42.5,19.3,324.0,8.0,274.0,0.024615384615384615,0.0
120,Morocco,MAR,36029138.0,2526689.0,22501278.0,76.218,80.72851893,3090.0,,,1.1,0.7273,48.81599998,31.7917,-7.0926,5910.0,186.0,2461.0,0.03146675689392658,199.0
121,Mozambique,MOZ,29495962.0,852659.0,10615007.0,59.309,37.50853531,460.0,3.808727213,6.3128615020000005,0.7,0.0735,83.08600235,-18.665695,35.529562,87.0,0.0,34.0,0.0,5.0
122,Myanmar,MMR,53708395.0,3106838.0,16423490.0,66.558,82.23861548,1310.0,,,0.9,0.8640000000000001,59.54499817,21.9162,95.956,178.0,6.0,68.0,0.0335195530726257,1.0
123,Namibia,NAM,2448255.0,89019.0,1224911.0,63.021,2.973745582,5220.0,,,,0.374,24.73599935,-22.9576,18.4904,16.0,0.0,10.0,0.0,0.0
124,Nepal,NPL,28087871.0,1608781.0,5544546.0,70.169,195.9391071,970.0,5.258961216,43.4853833,0.3,0.6507,79.38199997,28.1667,84.25,110.0,0.0,31.0,0.0,8.0
125,New Zealand,NZL,4885500.0,764699.0,4227814.0,81.65853659,18.55417569,40640.0,,,2.8,3.0252,12.34000021,-40.9006,174.886,1494.0,21.0,1371.0,0.014046822742474917,2.0
126,Nicaragua,NIC,6465513.0,339278.0,3783748.0,74.068,53.72704836,2030.0,13.70803917,68.15149333,0.9,1.0056,39.38899994,12.8654,-85.2072,16.0,5.0,7.0,0.29411764705882354,0.0
127,Niger,NER,22442948.0,582396.0,3686254.0,61.599,17.71765059,390.0,1.373099457,21.38065487,0.3,0.05,89.05999947,17.6078,8.0817,815.0,45.0,617.0,0.05514705882352941,20.0
128,Nigeria,NGA,195874740.0,5381418.0,98611179.0,53.95,215.06498900000003,1960.0,2.707068899,6.41370667,,0.3827,78.33800125,9.082,8.6753,4151.0,128.0,745.0,0.030828516377649325,239.0
129,North Macedonia,MKD,2082958.0,284744.0,1207345.0,75.589,82.59151467,5450.0,,,4.4,2.8736,19.10099983,41.6086,21.7453,1622.0,91.0,1112.0,0.056069008009858284,36.0
130,Norway,NOR,5314336.0,906053.0,4370935.0,82.5097561,14.55491954,80610.0,,,3.9,4.6336,4.731999978,60.472,8.4689,8099.0,219.0,32.0,0.027037037037037037,29.0
131,Oman,OMN,4829483.0,115559.0,4082797.0,77.393,15.6041454,15140.0,,,1.6,1.9697,2.556999967,21.0,57.0,3224.0,17.0,1068.0,0.005271317829457364,112.0
132,Pakistan,PAK,212215030.0,9152355.0,77810763.0,66.947,275.2893187,1590.0,6.008007702,16.79938871,0.6,0.9753,59.25,30.3753,69.3451,28736.0,636.0,7809.0,0.022131746528865227,2301.0
133,Panama,PAN,4176873.0,338524.0,2828119.0,78.149,56.18607748,14370.0,17.88277697,63.38658109,2.3,1.5699,32.20700073,8.538,-80.7821,8282.0,237.0,4501.0,0.0286128214415067,212.0
134,Papua New Guinea,PNG,8606316.0,296511.0,1133366.0,64.01,19.00436338,2570.0,,,,0.0529,78.32900047,-6.315,143.9555,8.0,0.0,8.0,0.0,0.0
135,Paraguay,PRY,6956071.0,447290.0,4283896.0,73.992,17.50835892,5670.0,13.84256767,63.37636479,1.3,1.366,38.44999981,-23.4425,-58.4438,689.0,10.0,155.0,0.014492753623188406,126.0
136,Peru,PER,31989256.0,2587417.0,24921870.0,76.286,24.99160625,6470.0,11.51586485,64.854444,1.6,1.27,50.95499897,-9.19,-75.0152,65015.0,1814.0,20246.0,0.02790082441245232,3168.0
137,Philippines,PHL,106651922.0,5463318.0,50027217.0,70.952,357.6883053,3830.0,8.922149458,40.62007161,1.0,1.275,33.83599949,13.0,122.0,10610.0,704.0,1842.0,0.0663462444632928,147.0
138,Poland,POL,37978548.0,6653012.0,22809156.0,77.85121951,124.0358862,14100.0,43.78842962,64.41412591,6.5,2.3998,16.25,51.9194,19.1451,15651.0,785.0,5437.0,0.05015333503705597,285.0
139,Portugal,PRT,10281762.0,2257243.0,6704840.0,81.12439024,112.2394535,21990.0,,,3.4,3.3356,12.22599974,39.3999,-8.2245,27406.0,1126.0,2499.0,0.04108439449775605,138.0
140,Qatar,QAT,2781677.0,38111.0,2757615.0,79.98100000000002,239.5931955,61150.0,,,1.2,0.0008,0.133999999,25.3548,51.1839,21331.0,13.0,2449.0,0.0006094130883180198,1130.0
141,Romania,ROU,19473936.0,3571267.0,10515536.0,75.3097561,84.63984701,11290.0,46.85993393,83.68854882,6.3,2.2586,25.20800018,45.9432,24.9668,15131.0,939.0,6912.0,0.06205392545598731,320.0
142,Rwanda,RWA,12301939.0,361455.0,2117287.0,68.34100000000001,498.6598703,780.0,10.78443064,31.40476704,,0.1346,68.64900017,-1.9403,29.8739,280.0,0.0,140.0,0.0,7.0
143,San Marino,SMR,33785.0,,32848.0,85.41707317,563.0833332999998,,,,3.8,6.1468,,43.9424,12.4578,637.0,41.0,126.0,0.06426332288401254,14.0
144,Sao Tome and Principe,STP,211028.0,6174.0,153635.0,69.933,219.8208333,1890.0,,,2.9,0.32,46.83200073,0.18636,6.613081,208.0,5.0,4.0,0.023923444976076555,0.0
145,Senegal,SEN,15854360.0,489396.0,7481990.0,67.38,82.34747832,1410.0,8.317440845,16.78661922,,0.0692,65.05900192,14.4974,-14.4524,1634.0,17.0,643.0,0.010397553516819572,83.0
146,Serbia,SRB,6982084.0,1280919.0,3916391.0,76.08780488,79.83174022,6390.0,52.09602964,61.0367943,5.7,3.125,27.11000061,44.0165,21.0059,10032.0,215.0,2732.0,0.021429283364895843,89.0
147,Seychelles,SYC,96762.0,7349.0,54855.0,74.3,210.3521739,15600.0,,,3.6,0.9458,,-4.6796,55.492,11.0,0.0,8.0,0.0,0.0
148,Sierra Leone,SLE,7650154.0,226946.0,3217272.0,53.895,105.987171,490.0,,30.1557655,,0.025,86.22300291,8.460555000000001,-11.779889,291.0,18.0,58.0,0.06164383561643835,34.0
149,Singapore,SGP,5638676.0,646383.0,5638676.0,82.89512195,7952.998418000001,58770.0,,,2.4,2.3063,9.763999879,1.2833,103.8333,22460.0,20.0,2296.0,0.0008904323048840212,753.0
150,Slovak Republic,SVK,5447011.0,851327.0,2926461.0,77.16585366,113.2905782,18260.0,,,5.8,2.4643,11.96400017,48.669,19.699,1455.0,26.0,919.0,0.017857142857142856,0.0
151,Slovenia,SVN,2067372.0,405347.0,1127565.0,81.17560976,102.6398595,24580.0,,,4.6,2.9953,10.58500004,46.1512,14.9955,1454.0,101.0,255.0,0.06941580756013746,4.0
152,Somalia,SOM,15008154.0,431231.0,6749317.0,56.709,23.9234769,,,,0.9,0.0229,77.69900131,5.1521,46.1996,997.0,48.0,110.0,0.04809619238476954,69.0
153,South Africa,ZAF,57779622.0,3072723.0,38339668.0,63.538,47.63011978,5750.0,3.3527477310000005,79.84753664,,0.9101,9.753000319,-30.5595,22.9375,9420.0,186.0,3983.0,0.019743127056575736,525.0
154,South Sudan,SSD,10975920.0,373015.0,2152927.0,57.365,,1130.0,,,,,87.22299957,6.877000000000002,31.307,120.0,0.0,2.0,0.0,0.0
155,Sri Lanka,LKA,21670000.0,2269547.0,4003749.0,76.648,345.558922,4060.0,7.400605705,33.13001324,3.6,0.958,38.88999987,7.0,81.0,847.0,9.0,260.0,0.01061320754716981,12.0
156,St. Kitts and Nevis,KNA,52441.0,,16139.0,,201.6961538,18340.0,,,2.3,2.523,,17.357822,-62.782998,15.0,0.0,14.0,0.0,0.0
157,St. Lucia,LCA,181889.0,17837.0,33973.0,75.907,298.1786885,9560.0,,,1.3,,29.266999600000005,13.9094,-60.9789,18.0,0.0,17.0,0.0,0.0
158,St. Vincent and the Grenadines,VCT,110210.0,10569.0,57527.0,72.3,282.5897436,7340.0,,,2.6,0.6587,17.8539995,12.9843,-61.2872,17.0,0.0,9.0,0.0,0.0
159,Sudan,SDN,41801533.0,1496980.0,14480887.0,64.881,,1560.0,,,0.8,0.41,40.03600121,12.8628,30.2176,1164.0,64.0,119.0,0.054935622317596564,53.0
160,Suriname,SUR,575991.0,39780.0,380500.0,71.46300000000002,3.69225,5210.0,,,3.1,1.2265,12.09500027,3.9193,-56.0278,10.0,1.0,9.0,0.09090909090909091,0.0
161,Sweden,SWE,10183175.0,2046362.0,8903252.0,82.30731707,25.00104343,55490.0,,,2.6,5.3996,6.235000178,63.0,16.0,25921.0,3220.0,4971.0,0.1242188102769848,656.0
162,Syrian Arab Republic,SYR,16906283.0,761311.0,9156781.0,70.967,92.06710777,,,,1.5,1.22,34.37100077,34.802075,38.99681500000001,47.0,3.0,29.0,0.0625,0.0
163,Tajikistan,TJK,9100837.0,275017.0,2469421.0,70.64699999999998,65.57271417,1010.0,34.14921005,39.28872976,4.8,1.7003,45.13000107,38.861034,71.276093,612.0,20.0,0.0,0.03262642740619902,90.0
164,Tanzania,TZA,56318348.0,1465009.0,19022085.0,64.479,63.57907879999999,1020.0,1.293199423,12.88378539,0.7,0.0399,82.71999741,-6.369,34.8888,509.0,21.0,183.0,0.041176470588235294,0.0
165,Thailand,THA,69428524.0,8262614.0,34678853.0,76.683,135.89720680000002,6610.0,40.72341878,79.38444493,2.1,0.8096,47.31700039,15.0,101.0,3004.0,56.0,2787.0,0.018635607321131446,4.0
166,Timor-Leste,TLS,1267972.0,54732.0,387720.0,69.007,85.27047747,1820.0,1.240626354,35.32840983,5.9,0.7197,71.11399841,-8.874217,125.727539,24.0,0.0,21.0,0.0,0.0
167,Togo,TGO,7889094.0,226375.0,3289910.0,60.489,145.0467733,660.0,3.009575378,3.009575378,0.7,0.0487,77.37500191,8.6195,0.8248,153.0,10.0,87.0,0.06493506493506493,8.0
168,Trinidad and Tobago,TTO,1389858.0,149201.0,739182.0,73.245,270.9274854,15950.0,,,3.0,2.6697,18.10300061,10.6918,-61.2225,116.0,8.0,104.0,0.06837606837606838,0.0
169,Tunisia,TUN,11565204.0,961725.0,7973630.0,76.31,74.44132338,3500.0,,14.42593159,2.3,1.2722,20.60400033,34.0,9.0,1032.0,45.0,660.0,0.04356243949661181,2.0
170,Uganda,UGA,42723139.0,829251.0,10156999.0,62.51600000000001,213.06173450000003,620.0,0.881115932,60.71393176,0.5,0.0908,75.11900043,1.0,32.0,116.0,0.0,55.0,0.0,15.0
171,Ukraine,UKR,44622516.0,7333571.0,30946607.0,71.78097561,77.02966735,2660.0,51.42216306,70.30831255,8.8,3.0075,14.81700024,48.3794,31.1656,14710.0,376.0,2909.0,0.025559105431309903,515.0
172,United Arab Emirates,ARE,9630959.0,104496.0,8332898.0,77.64699999999998,135.6091101,40880.0,,,1.2,2.3944,0.71100001,24.0,54.0,17417.0,185.0,4295.0,0.010621196463428637,624.0
173,Uruguay,URY,3449299.0,510997.0,3288355.0,77.632,19.70802765,15650.0,36.55704229,79.81702852,2.8,5.0499,23.9040004,-32.5228,-55.7658,702.0,18.0,513.0,0.025604551920341393,8.0
174,Uzbekistan,UZB,32955400.0,1456345.0,16635227.0,71.388,77.46920545,2020.0,,,4.0,2.3685,40.04900169,41.3775,64.5853,2349.0,10.0,1846.0,0.00425531914893617,24.0
175,"Venezuela, RB",VEN,28870195.0,2097993.0,25465822.0,72.24600000000002,32.73079191,13080.0,,,0.8,,32.93200064,6.4238,-66.5897,402.0,10.0,190.0,0.02481389578163772,14.0
176,Vietnam,VNM,95540395.0,6950543.0,34317154.0,75.241,308.1252459,2360.0,15.24924327,34.85793265,2.6,0.8199,54.55900002,16.0,108.0,288.0,0.0,241.0,0.0,0.0
177,West Bank and Gaza,PSE,4569087.0,143163.0,3479999.0,73.74,758.9845515,3710.0,,,,,22.93400002,31.9522,35.2332,375.0,2.0,228.0,0.005319148936170213,0.0
178,"Yemen, Rep.",YEM,28498687.0,819699.0,10442489.0,66.086,53.97785291,1460.0,,,0.7,0.3104,45.39799786,15.552727,48.516388,34.0,7.0,1.0,0.2,0.0
179,Zambia,ZMB,17351822.0,364332.0,7551686.0,63.043,23.3414789,1430.0,1.052573069,1.621688864,2.0,0.0913,77.78099823,-15.4167,28.2833,252.0,7.0,112.0,0.02766798418972332,85.0
180,Zimbabwe,ZWE,14439018.0,424438.0,4650663.0,60.812,37.32459093,1790.0,2.655039973,29.55185645,1.7,0.0763,65.65199852,-20.0,30.0,35.0,4.0,9.0,0.1111111111111111,1.0
