,Country Name,Country Code,Total_Pop,Pop_Over_65,Urban_Pop,Life_Expectancy,Pop_Desity,GNI_Per_Capita,Health_Coverage_last,Social_Coverage_last,Hospital_beds_per_1000_last,Physician_per_1000_last,Vulnerable_emp_last
0,Argentina,ARG,44494502.0,4946805.0,40877099.0,76.372,16.2585101,12390.0,30.5905578,46.36080045,5.0,3.96,21.5019995
1,Australia,AUS,24992369.0,3912924.0,21496436.0,82.49756098,3.249129487,53230.0,,,3.8,3.5874,10.72899967
2,Brazil,BRA,209469333.0,18690609.0,181335507.0,75.456,25.06171624,9140.0,30.53531192,53.80871123,2.2,2.1499,27.52400064
3,China,CHN,1392730000.0,152098421.0,823827650.0,76.47,148.34883330000002,9460.0,35.57958066,63.05300071,4.2,1.7855,43.82800102
4,France,FRA,66987244.0,13420643.0,53887219.0,82.52439024,122.33839569999999,41080.0,,,6.5,3.2349,7.44200021
5,Germany,DEU,82927922.0,17797959.0,64113235.0,80.9902439,237.37096980000004,47090.0,,,8.3,4.2087,5.825000048
6,India,IND,1352617328.0,83591151.0,460295677.0,69.165,454.9380726,2020.0,17.6635168,93.98880258,0.7,0.7776,76.69500256
7,Indonesia,IDN,267663435.0,15677491.0,148084795.0,71.282,147.75219009999998,3840.0,8.178754439,57.4129369,1.2,0.3777,47.22200108
8,Italy,ITA,60431283.0,13749132.0,42566587.0,83.24390244,205.4507479,33730.0,,,3.4,4.0931,17.0
9,Japan,JPN,126529100.0,34892133.0,115920900.0,84.0997561,347.0734584,41310.0,,,13.4,2.4118,8.392999887
10,"Korea, South",KOR,51635256.0,7445058.0,42061563.0,82.62682927,529.6521036,30600.0,,,11.5,2.3661,23.520000699999997
11,Mexico,MEX,126190788.0,9115625.0,101149488.0,74.947,64.91462641,9180.0,41.88906068,65.68296509,1.5,2.2478,26.81899929
12,Netherlands,NLD,17231017.0,3307699.0,15764657.0,81.56097561,511.45791039999995,51260.0,,,,3.5067,12.65999976
13,Russia,RUS,144478050.0,21201732.0,107539347.0,72.11902439,8.822079555,10230.0,56.34119953,77.87514109,8.2,4.0139,5.24699989
14,Saudi Arabia,SAU,33699947.0,1116846.0,28255384.0,74.874,15.67665431,21600.0,,,2.7,2.39,2.9610000160000003
15,Spain,ESP,46723749.0,9054365.0,37528982.0,83.32926829,93.52905826,29340.0,,,3.0,4.0691,11.36199993
16,Switzerland,CHE,8516543.0,1586054.0,6284953.0,83.60243902,215.5213784,84410.0,,,4.7,4.2363,8.983000159
17,Turkey,TUR,82319724.0,6983357.0,61857510.0,77.161,106.96012890000002,10420.0,36.06027686,50.36213194,2.7,1.7605,28.00899887
18,United Kingdom,GBR,66488991.0,12231225.0,55450489.0,81.15609756,274.82739219999996,41770.0,,,2.8,2.8058,12.92399985
19,US,USA,327167434.0,51717496.0,269114845.0,78.53902439,35.76608858,63080.0,,,2.9,2.5948,3.7339999410000004
20,Afghanistan,AFG,37172386.0,960879.0,9477100.0,64.13,56.93776001,550.0,,8.820582327,0.5,0.284,89.3789978
21,Albania,ALB,2866376.0,393976.0,1728969.0,78.333,104.6122628,4860.0,36.25506315,54.88551,2.9,1.1998,54.85400009
22,Algeria,DZA,42228429.0,2686782.0,30670086.0,76.499,17.73007507,3920.0,,,1.9,1.83,26.76200044
23,American Samoa,ASM,55465.0,,48339.0,,277.325,,,,,,
24,Andorra,AND,77006.0,,67813.0,,163.8425532,,,,,3.3333,
25,Angola,AGO,30809762.0,682859.0,20184707.0,60.379,24.71305206,3370.0,,,,0.2149,67.08900166
26,Antigua and Barbuda,ATG,96286.0,8473.0,23685.0,76.752,218.83181820000001,15890.0,,,3.8,2.7647,
27,Arab World,ARB,419790588.0,19133535.0,247363361.0,71.62252633,37.37236537,6367.236882,,,1.624523582,1.097302574,24.82030154
28,Armenia,ARM,2951776.0,332187.0,1864017.0,74.797,103.6802248,4230.0,54.75133382,66.76264983,4.2,2.8989999999999996,40.21000099
29,Aruba,ABW,105845.0,14343.0,45948.0,76.01,588.0277778,23630.0,,,,,
30,Austria,AUT,8847037.0,1681076.0,5157557.0,81.64146341,107.2069267,49310.0,,,7.6,5.1441,7.666000008999999
31,Azerbaijan,AZE,9942334.0,615946.0,5535892.0,72.693,120.26531990000001,4050.0,50.61209719,64.6436151,4.7,3.4466,55.03899956
32,"Bahamas, The",BHS,385640.0,27988.0,320178.0,73.554,38.52547453,30520.0,,,2.9,1.9373,9.94900009
33,Bahrain,BHR,1569439.0,38080.0,1401305.0,77.032,2017.2737,21890.0,,,2.0,0.9257,1.047999978
34,Bangladesh,BGD,161356039.0,8323375.0,59107944.0,72.05199999999999,1239.5793119999998,1750.0,1.498691912,17.77090749,0.8,0.5268,55.49200153
35,Barbados,BRB,286641.0,45297.0,89280.0,78.98100000000001,666.6069767000001,15410.0,,,5.8,2.4886,15.77499981
36,Belarus,BLR,9485386.0,1408120.0,7455039.0,74.12926829,46.7287999,5670.0,49.98794948,76.35101137,11.0,4.0772,3.4609999210000004
37,Belgium,BEL,11422068.0,2146063.0,11193741.0,81.43902439,377.2149273,45910.0,,,6.2,3.3234,10.20100009
38,Belize,BLZ,383071.0,18144.0,175155.0,74.365,16.79399386,4470.0,,,1.3,1.1262,27.11899996
39,Benin,BEN,11485048.0,373678.0,5433806.0,61.174,101.8539198,870.0,,,0.5,0.1572,87.96699715
40,Bermuda,BMU,63968.0,,63968.0,81.44195122,1184.592572,106140.0,,,,,
41,Bhutan,BTN,754394.0,45286.0,308509.0,71.12899999999999,19.77752777,2970.0,0.712240916,2.916979848,1.7,0.3715,71.35299873
42,Bolivia,BOL,11353142.0,816512.0,7881919.0,70.945,10.48014585,3370.0,7.770635024,78.19620111,1.1,1.6111,58.09999847
43,Bosnia and Herzegovina,BIH,3323929.0,547462.0,1603630.0,77.128,64.92048828,5740.0,40.1629567,50.34959309,3.5,2.0003,19.26999998
44,Botswana,BWA,2254126.0,95211.0,1565400.0,68.812,3.977424876,7750.0,,,1.8,0.3688,25.3029995
45,British Virgin Islands,VGB,29802.0,,14222.0,,198.68,,,,,,
46,Brunei Darussalam,BRN,428962.0,20904.0,332999.0,75.585,81.39696395,29660.0,,,2.7,1.7701,6.019999862000001
47,Bulgaria,BGR,7024216.0,1476625.0,5268724.0,74.81219512,64.70353721,8860.0,,,6.8,3.9879,8.223000169
48,Burkina Faso,BFA,19751535.0,475416.0,5798656.0,60.768,72.19128289,670.0,2.186173571,4.280444122,0.4,0.06,86.40799713
49,Burundi,BDI,11175378.0,251104.0,1456375.0,60.898,435.178271,280.0,,,0.8,0.05,94.64800262
50,Cabo Verde,CPV,543767.0,25064.0,357429.0,72.57,134.9297767,3420.0,,,2.1,0.7694,28.77499938
51,Cambodia,KHM,16249798.0,742401.0,3800503.0,69.289,92.05641287,1390.0,1.86913899,3.085970529,0.8,0.1682,50.77499962
52,Cameroon,CMR,25216237.0,688120.0,14215401.0,58.511,53.34398891,1440.0,3.4081102519999997,5.013449196,1.3,0.0898,73.74600029
53,Canada,CAN,37058856.0,6385985.0,30169985.0,82.24897561,4.075308214,44940.0,,,2.7,2.6102,10.72899997
54,Caribbean small states,CSS,7358965.0,636430.0,3767742.0,73.51749249,18.17701618,9240.085673,,,2.267233925,1.568627565,29.03762519
55,Cayman Islands,CYM,64174.0,,64174.0,82.1902439,267.3916667,47140.0,,,,,
56,Central African Republic,CAF,4666377.0,131861.0,1930200.0,52.24,7.490412212000001,490.0,,,1.0,0.0629,93.6269989
57,Central Europe and the Baltics,CEB,102511922.0,18923822.0,63897809.0,77.03396591,92.76643663,14563.876080000002,,,6.421446661,2.8807160689999995,14.91333179
58,Chad,TCD,15477751.0,383929.0,3569015.0,53.711999999999996,12.29173364,670.0,2.477971792,2.9743689539999996,,0.0475,93.10099792
59,Channel Islands,CHI,170499.0,29492.0,52708.0,82.766,861.1060937999999,,,,,,10.17799991
60,Chile,CHL,18729160.0,2159435.0,16400002.0,79.90899999999999,25.18944607,14670.0,44.91270209,87.72247427,2.2,1.08,24.07000017
61,Colombia,COL,49648685.0,4209239.0,40105215.0,76.925,44.74870212,6180.0,9.270317658,65.6766814,1.5,2.0835,46.83599997
62,Comoros,COM,832322.0,25028.0,241082.0,63.912,447.2444775,1380.0,,,2.2,0.1699,64.66900158
63,"Congo, Dem. Rep.",COD,84068091.0,2537041.0,37376673.0,60.026,37.08259236,490.0,1.5996211169999999,11.057385,,0.09,79.69499779
64,"Congo, Rep.",COG,5244363.0,140639.0,3509318.0,63.95399999999999,15.35684627,1640.0,,,,0.1159,76.93700266
65,Costa Rica,CRI,4999441.0,477439.0,3966556.0,79.914,97.91306306,11520.0,15.58204891,66.63602779,1.2,1.1497,20.07799983
66,Cote d'Ivoire,CIV,25069229.0,716715.0,12729904.0,57.016999999999996,78.83405346,1600.0,7.922548506,32.862669800000006,,0.2326,72.35900021
67,Croatia,HRV,4089400.0,836096.0,2328791.0,77.82682927,73.077198,14000.0,57.51293013,70.71853665,5.6,2.9962,7.519999743
68,Cuba,CUB,11338138.0,1721834.0,8734561.0,78.66199999999999,108.9995962,7480.0,,,5.2,8.19,7.9880002139999995
69,Curacao,CUW,159849.0,26671.0,142497.0,78.01707317,360.7545045,19070.0,,,,,
70,Cyprus,CYP,1189265.0,163156.0,794548.0,80.672,128.7083333,26300.0,,,3.4,1.9511,11.10400039
71,Czech Republic,CZE,10625695.0,2063603.0,7840913.0,79.47560976,137.60288789999998,20240.0,,,6.5,4.314,13.90999991
72,Denmark,DNK,5797446.0,1148645.0,5094448.0,81.00487805,138.0673017,60140.0,,,2.5,4.4567,5.109000057
73,Djibouti,DJI,958920.0,43416.0,745819.0,65.893,41.36842105,3190.0,8.50192379,20.94194148,1.4,0.2203,47.27200079
74,Dominica,DMA,71625.0,,50483.0,,95.5,7090.0,,,3.8,1.0825,
75,Dominican Republic,DOM,10627165.0,752703.0,8615868.0,73.689,219.9785759,7760.0,6.485660222999999,34.53420087,1.6,1.56,40.22500098
76,Early-demographic dividend,EAR,3249140605.0,189028683.0,1466377985.0,70.2552611,98.13836364,3567.833761,,,1.225174072,0.940110841,58.27163603
77,East Asia & Pacific,EAS,2328220870.0,250129513.0,1374879347.0,75.86574762,95.43160553,10982.31252,,,4.443600487,1.5767725519999998,41.74509721
78,East Asia & Pacific (excluding high income),EAP,2081651801.0,197665493.0,1158097589.0,74.9949516,130.8104315,7600.548586,,,3.64740031,1.4761485,45.15415396
79,East Asia & Pacific (IDA & IBRD countries),TEA,2056064424.0,195280540.0,1142248481.0,75.03335890000001,130.185453,7680.525267,,,3.51424905,1.448642987,44.84784377
80,Ecuador,ECU,17084357.0,1222777.0,10903407.0,76.584,68.78868175,6110.0,10.93042144,72.57548089,1.5,2.05,46.12099934
81,"Egypt, Arab Rep.",EGY,98423595.0,5147337.0,42030812.0,71.656,98.87346929,2800.0,,,1.6,0.7902,21.33899975
82,El Salvador,SLV,6420744.0,532093.0,4624412.0,72.872,309.8814672,3820.0,6.156111357,58.09289859,1.3,1.569,36.07399988
83,Equatorial Guinea,GNQ,1308974.0,32173.0,944333.0,58.06100000000001,46.66573975,6840.0,,,2.1,0.4,55.8010006
84,Eritrea,ERI,3213972.0,131254.0,1149670.0,65.538,31.82150495,720.0,,,0.7,,78.19699859999999
85,Estonia,EST,1320884.0,259241.0,909825.0,77.64146341,30.38610536,21140.0,,,5.0,3.4651,5.504000082999999
86,Eswatini,SWZ,1136191.0,45613.0,270402.0,58.318999999999996,66.05761628,3930.0,,,2.1,0.0796,32.876000399999995
87,Ethiopia,ETH,109224559.0,3824097.0,22678295.0,65.872,109.22455900000001,790.0,,13.24794851,0.3,0.1,85.98099899
88,Euro area,EMU,341783171.0,70408316.0,263144784.0,81.95073042,127.5822777,38774.48621,,,6.1674908120000005,3.847757604,10.213018199999999
89,Europe & Central Asia,ECS,918793590.0,149843891.0,661885465.0,77.74469037,33.4968853,24328.65224,,,5.924921462,3.372925252,14.34139534
90,Europe & Central Asia (excluding high income),ECA,417797257.0,50109639.0,278468939.0,73.39917233,18.47737541,7804.1949,,,6.353655487999999,3.0452763710000004,18.83763207
91,Europe & Central Asia (IDA & IBRD countries),TEC,459865205.0,57598747.0,303606886.0,73.80835432,20.01725666,8379.285787,,,6.361948875,2.990480613,18.51357482
92,European Union,EUU,513213363.0,102306628.0,388326219.0,80.99115581,121.07819409999999,35419.81573,,,5.601456989,3.574249505,11.40958628
93,Faroe Islands,FRO,48497.0,,20400.0,82.4,34.73996983,,,,,,
94,Fiji,FJI,883483.0,48147.0,496942.0,67.252,48.35703339,5860.0,,,2.3,0.8374,43.28199959
95,Finland,FIN,5518050.0,1198564.0,4711421.0,81.42926829,18.15685565,48280.0,,,4.4,3.8080000000000003,9.225000232000001
96,Fragile and conflict affected situations,FCS,515215936.0,17713227.0,213083870.0,63.15109546,39.86931254,1576.182108,,,,0.39973798,68.90406028
97,French Polynesia,PYF,277679.0,23021.0,171700.0,77.251,75.86857923,,,,,,11.81599993
98,Gabon,GAB,2119275.0,75529.0,1893996.0,65.839,8.224764233,6830.0,,,6.3,0.3611,31.53200078
99,"Gambia, The",GMB,2280102.0,59054.0,1397018.0,61.44,225.30652169999996,710.0,1.75799959,8.30704046,1.1,0.1077,72.29600143
100,Georgia,GEO,3731000.0,554631.0,2187560.0,73.414,65.27520207,4440.0,,64.65342264,2.6,5.0976,49.24500084
101,Ghana,GHA,29767108.0,913522.0,16687441.0,63.463,130.8214292,2130.0,59.52041378,63.67291212,0.9,0.18,68.86299992
102,Gibraltar,GIB,33718.0,,33718.0,,3371.8,,,,,,
103,Greece,GRC,10727668.0,2323106.0,8481080.0,81.38780488,83.22473235,19770.0,,,4.3,4.592,26.66300058
104,Greenland,GRL,56025.0,,48639.0,71.24634146,0.136496528,,,,,,
105,Grenada,GRD,111454.0,10724.0,40427.0,72.388,327.8058824,9650.0,,,3.7,1.4471,
106,Guam,GUM,165768.0,16328.0,157115.0,79.631,306.9777778,,,,,,11.75700045
107,Guatemala,GTM,17247807.0,829977.0,8805695.0,73.81,160.9537794,4400.0,3.986681421,63.26831187,0.6,0.355,34.52200031
108,Guinea,GIN,12414318.0,363246.0,4486535.0,60.706,50.52221227,850.0,2.284316127,3.89322263,0.3,0.0788,89.94799995
109,Guinea-Bissau,GNB,1874309.0,52925.0,812700.0,57.673,66.65394737,750.0,,,,0.2,78.34399986
110,Guyana,GUY,779004.0,50248.0,207262.0,69.624,3.957348235,4770.0,,,1.6,0.799,56.82600117
111,Haiti,HTI,11123176.0,550531.0,6148669.0,63.29,403.5985486,800.0,0.370971426,19.46214024,0.7,0.2345,84.94000030000001
112,Heavily indebted poor countries (HIPC),HPC,780234406.0,23628692.0,280950435.0,62.7486826,44.89578165,925.8453097000001,,,,0.157673894,78.55911122
113,High income,HIC,1210312147.0,216888374.0,984376811.0,80.6937295,34.43776584,44275.22466,,,4.110599051,3.003544614,9.141995821
114,Honduras,HND,9587522.0,449714.0,5474092.0,74.898,85.68703191,2350.0,2.717433338,55.79375486,0.7,0.3144,40.54699993
115,"Hong Kong SAR, China",HKG,7451000.0,1257360.0,7451000.0,84.68048780000001,7096.190476000001,50300.0,,,,,5.883000076
116,Hungary,HUN,9768785.0,1871477.0,6970126.0,76.06341463,107.9066055,14780.0,,,7.0,3.2312,5.688999921000001
117,IBRD only,IBD,4772284113.0,404863045.0,2625349359.0,73.19550862,68.7859052,6192.3472950000005,,,2.6029659990000003,1.4561130580000001,47.20828556
118,Iceland,ISL,353574.0,52312.0,331698.0,82.20487805,3.526922693,67960.0,,,3.2,3.9701,7.939999834
119,IDA & IBRD total,IBT,6412522234.0,463143690.0,3232404453.0,70.85855778,68.70845188,4958.3123780000005,,,2.460925386,1.2057369709999999,52.29127728
120,IDA blend,IDB,555830605.0,19445231.0,235563372.0,61.99688464,93.32562183,1799.014463,,,,0.719938912,64.20565699999999
121,IDA only,IDX,1084407516.0,38835414.0,371491722.0,64.97329468,60.26218738,1163.885716,,,,0.301557494,72.35224978
122,IDA total,IDA,1640238121.0,58280645.0,607055094.0,63.96471201,68.48408972,1374.363931,,,,0.444726495,69.86092604
123,Iran,IRN,81800269.0,5058998.0,61266765.0,76.271,50.22242012,5470.0,,,1.5,1.14,41.24199963
124,Iraq,IRQ,38433600.0,1277379.0,27085311.0,70.294,88.53057004,5040.0,26.36446555,83.55954253,1.4,0.8217,25.85400033
125,Ireland,IRL,4853506.0,672978.0,3065960.0,81.95609756,70.45298302,61390.0,,,2.8,3.0861,10.85500044
126,Isle of Man,IMN,84077.0,,44214.0,,147.50350880000002,75340.0,,,,1.449,
127,Israel,ISR,8883800.0,1064011.0,8210230.0,82.60243902,410.52680219999996,40920.0,,,3.1,3.2176,8.228000283
128,Jamaica,JAM,2934855.0,258169.0,1633951.0,74.267,270.9930748,4970.0,4.342288096,58.256137100000004,1.7,1.3199,35.72899872
129,Jordan,JOR,9956011.0,382957.0,9057879.0,74.292,112.1424983,4200.0,28.23461177,73.19309317,1.4,2.3436,8.58400017
130,Kazakhstan,KAZ,18276499.0,1350971.0,10495828.0,72.95,6.769825907,8070.0,28.676963300000004,50.21454012,6.7,3.2522,25.84799954
131,Kenya,KEN,51393010.0,1202178.0,13891531.0,65.90899999999999,90.29941666,1620.0,1.18825729,27.40089335,1.4,0.1988,53.49499893
132,Kiribati,KIR,115847.0,4579.0,62623.0,67.851,143.02098769999998,3140.0,,,1.9,0.2028,
133,"Korea, Dem. Peopleâ€™s Rep.",PRK,25549819.0,2384953.0,15815082.0,71.91,212.1901752,,,,13.2,3.6745,65.81699944
134,Kosovo,XKX,1845300.0,,,71.94634146,168.15467990000002,4220.0,35.00026338,44.52738605,,,
135,Kuwait,KWT,4137309.0,105521.0,4137309.0,75.311,232.1722222,34290.0,,,2.0,2.5789,1.060999978
136,Kyrgyz Republic,KGZ,6315800.0,283878.0,2295856.0,71.2,32.92909281,1220.0,39.34974755,57.86212525,4.5,1.876,33.86500072
137,Lao PDR,LAO,7061507.0,287767.0,2471810.0,67.277,30.59578423,2450.0,,,1.5,0.4997,79.95300102
138,Late-demographic dividend,LTE,2288665963.0,245419442.0,1429159724.0,75.99540149,51.40872056,9259.092606999999,,,4.219381966,1.9456894269999998,39.16579493
139,Latin America & Caribbean,LCN,641357515.0,54091560.0,516796961.0,75.28021575,32.00573337,8718.564794,,,2.1732772590000002,2.169931123,32.66291599
140,Latin America & Caribbean (excluding high income),LAC,609013934.0,50193307.0,489657102.0,75.08345444,32.02146146,8324.910327,,,2.1629051319999997,2.190200028,33.12973958
141,Latin America & the Caribbean (IDA & IBRD countries),TLA,625569713.0,51638103.0,504218023.0,75.19246541,31.41414444,8630.393323,,,2.0896754769999997,2.051742928,33.20073483
142,Latvia,LVA,1926542.0,386149.0,1312784.0,74.68048780000001,30.98330653,16510.0,,,5.8,3.1946,7.909000158
143,Least developed countries: UN classification,LDC,1009662578.0,35744163.0,338924137.0,64.70773022,56.8413289,1079.6676320000001,,,,0.25851559399999996,73.71781238
144,Lebanon,LBN,6848925.0,479587.0,6067668.0,78.833,669.4941349,7920.0,,,2.9,2.271,27.58699918
145,Lesotho,LSO,2108132.0,103321.0,593502.0,52.946999999999996,69.43781291,1390.0,,6.322613607999999,,0.0676,54.74500179
146,Liberia,LBR,4818977.0,156782.0,2464955.0,63.295,50.03090739,610.0,0.49642876799999996,14.43706455,0.8,0.0373,77.70799923
147,Libya,LBY,6678567.0,293325.0,5349666.0,72.52,3.7956323810000003,6400.0,,,3.7,2.1581,5.711000025
148,Liechtenstein,LIE,37910.0,,5436.0,82.25853659,236.9375,,,,,,
149,Lithuania,LTU,2789533.0,549678.0,1887928.0,74.67073171,44.53135138,17430.0,,,7.3,4.337,9.517999709
150,Low & middle income,LMY,6383958209.0,456730553.0,3211979837.0,70.79658768,69.24159606,4843.825104,,,2.432006105,1.217851631,52.67263641
151,Low income,LIC,705417321.0,23216497.0,229769967.0,63.39261016,51.67373831,840.5634902,,,,0.324906629,80.21720895
152,Lower middle income,LMC,3022905169.0,167148984.0,1224515091.0,68.32302436,150.08151819999998,2242.032711,,,0.9861236309999999,0.7470908540000001,63.06197789
153,Luxembourg,LUX,607728.0,86195.0,552917.0,82.68536585,250.0938272,70870.0,,,4.8,3.0266,6.2210000160000005
154,"Macao SAR, China",MAC,631636.0,66222.0,631636.0,83.98899999999999,20777.50026,79110.0,,,,,3.217999935
155,Madagascar,MDG,26262368.0,784383.0,9767237.0,66.311,45.13985562,510.0,,5.6994308789999995,0.2,0.1812,85.2480011
156,Malawi,MWI,18143315.0,479970.0,3072933.0,63.278999999999996,192.4407616,360.0,0.566048355,41.52312278,1.3,0.0157,59.53000069
157,Malaysia,MYS,31528585.0,2103510.0,23973075.0,75.828,95.96282149,10590.0,,,1.9,1.5132,21.79099989
158,Maldives,MDV,515696.0,19098.0,205288.0,78.325,1718.9866670000001,9280.0,,,,1.0379,19.34999919
159,Mali,MLI,19077690.0,478322.0,8080546.0,58.452,15.63501586,840.0,,,0.1,0.1393,89.62799835
160,Malta,MLT,483530.0,98395.0,457477.0,82.45365854,1511.03125,26480.0,,,4.7,3.826,9.834999964
161,Marshall Islands,MHL,58413.0,,44996.0,,324.5166667,4860.0,,,2.7,0.4554,
162,Mauritania,MRT,4403319.0,138313.0,2363349.0,64.464,4.272163578,1160.0,,45.21555033,,0.179,52.81000137
163,Mauritius,MUS,1265303.0,145183.0,516155.0,74.51463415,623.3019704,12050.0,18.79151166,46.62646318,3.4,2.0246,16.25899959
164,"Micronesia, Fed. Sts.",FSM,112640.0,4502.0,25573.0,67.618,160.9142857,3400.0,,,,0.177,
165,Middle East & North Africa,MEA,448912859.0,23263387.0,293463198.0,73.90103351,39.99770291,7693.20173,,,1.6284850709999998,1.2594006000000002,24.53260421
166,Middle East & North Africa (excluding high income),MNA,382896715.0,20582368.0,235828183.0,73.39427025,44.31116946,3886.780112,,,1.5166967169999999,1.069437666,31.27751749
167,Middle East & North Africa (IDA & IBRD countries),TMN,378327628.0,20439205.0,232348184.0,73.39013107,43.81292975,3890.242024,,,1.5166967169999999,1.069437666,31.34922266
168,Middle income,MIC,5678540888.0,433514056.0,2982209870.0,71.70243385,72.29486998,5342.851482,,,2.400673121,1.322419873,49.45858766
169,Moldova,MDA,3545883.0,406697.0,1511574.0,71.717,123.5198035,2980.0,43.89807655,56.59122874,5.8,3.2002,34.25500035
170,Monaco,MCO,38682.0,,38682.0,,19196.0,,,,13.8,6.5617,
171,Mongolia,MNG,3170208.0,129457.0,2169849.0,69.509,2.040608667,3660.0,43.27927886,99.89907534,7.0,2.8866,48.90499926
172,Montenegro,MNE,622345.0,93196.0,415807.0,76.667,46.27100372,8430.0,47.932544799999995,56.44447529,4.0,2.3337,13.26700044
173,Morocco,MAR,36029138.0,2526689.0,22501278.0,76.218,80.72851893,3090.0,,,1.1,0.7273,48.81599998
174,Mozambique,MOZ,29495962.0,852659.0,10615007.0,59.309,37.50853531,460.0,3.808727213,6.3128615020000005,0.7,0.0735,83.08600235
175,Myanmar,MMR,53708395.0,3106838.0,16423490.0,66.558,82.23861548,1310.0,,,0.9,0.8640000000000001,59.54499817
176,Namibia,NAM,2448255.0,89019.0,1224911.0,63.021,2.973745582,5220.0,,,,0.374,24.73599935
177,Nauru,NRU,12704.0,,12704.0,,635.2,12060.0,,,5.0,1.2389,
178,Nepal,NPL,28087871.0,1608781.0,5544546.0,70.169,195.9391071,970.0,5.258961216,43.485383299999995,0.3,0.6507,79.38199997
179,New Caledonia,NCL,284060.0,26060.0,200782.0,77.14878049,15.53938731,,,,,,12.87900035
180,New Zealand,NZL,4885500.0,764699.0,4227814.0,81.65853659,18.55417569,40640.0,,,2.8,3.0252,12.34000021
181,Nicaragua,NIC,6465513.0,339278.0,3783748.0,74.068,53.72704836,2030.0,13.70803917,68.15149333,0.9,1.0056,39.38899994
182,Niger,NER,22442948.0,582396.0,3686254.0,61.599,17.71765059,390.0,1.373099457,21.38065487,0.3,0.05,89.05999947
183,Nigeria,NGA,195874740.0,5381418.0,98611179.0,53.95,215.06498900000003,1960.0,2.707068899,6.41370667,,0.3827,78.33800125
184,North America,NAC,364290258.0,58103481.0,299348798.0,78.9142768,19.97097624,61242.438129999995,,,2.9,2.596342521,4.487628966
185,North Macedonia,MKD,2082958.0,284744.0,1207345.0,75.589,82.59151467,5450.0,,,4.4,2.8736,19.10099983
186,Northern Mariana Islands,MNP,56882.0,,52114.0,,123.6565217,,,,,,
187,Norway,NOR,5314336.0,906053.0,4370935.0,82.5097561,14.55491954,80610.0,,,3.9,4.6336,4.731999978
188,Not classified,INX,,,,,,,,,,,
189,OECD members,OED,1303529456.0,223146231.0,1050557502.0,80.13846573,37.80923456,40095.15689,,,3.814280425,2.8919392860000004,11.72049032
190,Oman,OMN,4829483.0,115559.0,4082797.0,77.393,15.6041454,15140.0,,,1.6,1.9697,2.556999967
191,Other small states,OSS,30758989.0,1687570.0,19106876.0,68.20548751,15.13861641,13323.08199,,,,0.7658038659999999,29.04968416
192,Pacific island small states,PSS,2457367.0,106937.0,952999.0,69.77428378,38.27674455,4150.690246,,,,0.47855072600000004,59.78980123
193,Pakistan,PAK,212215030.0,9152355.0,77810763.0,66.947,275.28931869999997,1590.0,6.0080077020000004,16.79938871,0.6,0.9753,59.25
194,Palau,PLW,17907.0,,14313.0,,38.92826087,17280.0,,,4.8,1.1848,
195,Panama,PAN,4176873.0,338524.0,2828119.0,78.149,56.18607748,14370.0,17.88277697,63.38658109,2.3,1.5699,32.20700073
196,Papua New Guinea,PNG,8606316.0,296511.0,1133366.0,64.01,19.00436338,2570.0,,,,0.0529,78.32900047
197,Paraguay,PRY,6956071.0,447290.0,4283896.0,73.992,17.50835892,5670.0,13.84256767,63.37636479,1.3,1.3659999999999999,38.44999981
198,Peru,PER,31989256.0,2587417.0,24921870.0,76.286,24.99160625,6470.0,11.51586485,64.854444,1.6,1.27,50.95499897
199,Philippines,PHL,106651922.0,5463318.0,50027217.0,70.952,357.6883053,3830.0,8.922149458,40.62007161,1.0,1.275,33.83599949
200,Poland,POL,37978548.0,6653012.0,22809156.0,77.85121951,124.0358862,14100.0,43.78842962,64.41412591,6.5,2.3998,16.25
201,Portugal,PRT,10281762.0,2257243.0,6704840.0,81.12439024,112.2394535,21990.0,,,3.4,3.3356,12.22599974
202,Post-demographic dividend,PST,1109997273.0,210394622.0,902213494.0,80.61363761,35.26748894,44833.2672,,,4.607212908999999,3.1621791160000003,8.869922368
203,Pre-demographic dividend,PRE,919485393.0,25320915.0,379075795.0,60.42746691,51.68744002,1373.101651,,,,0.218402845,75.62257899
204,Puerto Rico,PRI,3195153.0,596690.0,2989960.0,79.63453659,360.22018039999995,21100.0,,,,,12.98100038
205,Qatar,QAT,2781677.0,38111.0,2757615.0,79.98100000000001,239.5931955,61150.0,,,1.2,0.0008,0.133999999
206,Romania,ROU,19473936.0,3571267.0,10515536.0,75.3097561,84.63984701,11290.0,46.85993393,83.68854882,6.3,2.2586,25.20800018
207,Rwanda,RWA,12301939.0,361455.0,2117287.0,68.34100000000001,498.65987029999997,780.0,10.78443064,31.40476704,,0.1346,68.64900017
208,Samoa,WSM,196130.0,9415.0,35780.0,73.046,69.30388693,4020.0,,,,0.3409,30.94800079
209,San Marino,SMR,33785.0,,32848.0,85.41707317,563.0833332999999,,,,3.8,6.1468,
210,Sao Tome and Principe,STP,211028.0,6174.0,153635.0,69.933,219.8208333,1890.0,,,2.9,0.32,46.83200073
211,Senegal,SEN,15854360.0,489396.0,7481990.0,67.38,82.34747832,1410.0,8.317440845,16.78661922,,0.0692,65.05900192
212,Serbia,SRB,6982084.0,1280919.0,3916391.0,76.08780488,79.83174022,6390.0,52.09602964,61.0367943,5.7,3.125,27.11000061
213,Seychelles,SYC,96762.0,7349.0,54855.0,74.3,210.3521739,15600.0,,,3.6,0.9458,
214,Sierra Leone,SLE,7650154.0,226946.0,3217272.0,53.895,105.98717099999999,490.0,,30.1557655,,0.025,86.22300291
215,Singapore,SGP,5638676.0,646383.0,5638676.0,82.89512195,7952.998418000001,58770.0,,,2.4,2.3063,9.763999879
216,Sint Maarten (Dutch part),SXM,40654.0,,40654.0,73.05365854,1193.352941,,,,,,
217,Slovak Republic,SVK,5447011.0,851327.0,2926461.0,77.16585366,113.29057820000001,18260.0,,,5.8,2.4643,11.96400017
218,Slovenia,SVN,2067372.0,405347.0,1127565.0,81.17560976,102.6398595,24580.0,,,4.6,2.9953,10.58500004
219,Small states,SST,40575321.0,2430937.0,23827617.0,69.26138979999999,16.22446282,12025.0996,,,,0.898737175,30.55875524
220,Solomon Islands,SLB,652858.0,23496.0,155047.0,72.645,23.32468739,2020.0,,,1.4,0.1999,80.24099731
221,Somalia,SOM,15008154.0,431231.0,6749317.0,56.708999999999996,23.923476899999997,,,,0.9,0.0229,77.69900131
222,South Africa,ZAF,57779622.0,3072723.0,38339668.0,63.538000000000004,47.63011978,5750.0,3.3527477310000005,79.84753664,,0.9101,9.753000319
223,South Asia,SAS,1814388744.0,105970472.0,616753576.0,69.1713119,380.2471337,1923.1987739999997,,,0.674261835,0.768127523,72.63323414
224,South Asia (IDA & IBRD),TSA,1814388744.0,105970472.0,616753576.0,69.1713119,380.2471337,1923.1987739999997,,,0.674261835,0.768127523,72.63323414
225,South Sudan,SSD,10975920.0,373015.0,2152927.0,57.365,,1130.0,,,,,87.22299957
226,Sri Lanka,LKA,21670000.0,2269547.0,4003749.0,76.648,345.558922,4060.0,7.400605705,33.13001324,3.6,0.958,38.88999987
227,St. Kitts and Nevis,KNA,52441.0,,16139.0,,201.69615380000002,18340.0,,,2.3,2.523,
228,St. Lucia,LCA,181889.0,17837.0,33973.0,75.907,298.17868849999996,9560.0,,,1.3,,29.266999600000005
229,St. Martin (French part),MAF,37264.0,,,79.72195122,672.0588235,,,,,,
230,St. Vincent and the Grenadines,VCT,110210.0,10569.0,57527.0,72.3,282.5897436,7340.0,,,2.6,0.6587,17.8539995
231,Sub-Saharan Africa,SSF,1078306520.0,32216623.0,433229303.0,60.88000237,50.76208431,1517.053686,,,,0.21964539600000002,73.93106709999999
232,Sub-Saharan Africa (excluding high income),SSA,1078209758.0,32209274.0,433174448.0,60.87877747,50.75862834,1515.7876880000001,,,,0.219576267,73.93106709999999
233,Sub-Saharan Africa (IDA & IBRD countries),TSS,1078306520.0,32216623.0,433229303.0,60.88000237,50.76208431,1517.053686,,,,0.21964539600000002,73.93106709999999
234,Sudan,SDN,41801533.0,1496980.0,14480887.0,64.881,,1560.0,,,0.8,0.41,40.03600121
235,Suriname,SUR,575991.0,39780.0,380500.0,71.46300000000001,3.69225,5210.0,,,3.1,1.2265,12.09500027
236,Sweden,SWE,10183175.0,2046362.0,8903252.0,82.30731707,25.00104343,55490.0,,,2.6,5.3996,6.235000178
237,Syrian Arab Republic,SYR,16906283.0,761311.0,9156781.0,70.967,92.06710777,,,,1.5,1.22,34.37100077
238,Tajikistan,TJK,9100837.0,275017.0,2469421.0,70.64699999999999,65.57271417,1010.0,34.14921005,39.28872976,4.8,1.7003,45.13000107
239,Tanzania,TZA,56318348.0,1465009.0,19022085.0,64.479,63.57907879999999,1020.0,1.293199423,12.88378539,0.7,0.0399,82.71999741
240,Thailand,THA,69428524.0,8262614.0,34678853.0,76.683,135.89720680000002,6610.0,40.72341878,79.38444493,2.1,0.8096,47.31700039
241,Timor-Leste,TLS,1267972.0,54732.0,387720.0,69.007,85.27047747,1820.0,1.240626354,35.32840983,5.9,0.7197,71.11399841
242,Togo,TGO,7889094.0,226375.0,3289910.0,60.489,145.0467733,660.0,3.009575378,3.009575378,0.7,0.0487,77.37500191
243,Tonga,TON,103197.0,6144.0,23870.0,70.70100000000001,143.3291667,4300.0,,,2.6,0.5223,53.27199936
244,Trinidad and Tobago,TTO,1389858.0,149201.0,739182.0,73.245,270.92748539999997,15950.0,,,3.0,2.6697,18.10300061
245,Tunisia,TUN,11565204.0,961725.0,7973630.0,76.31,74.44132338,3500.0,,14.42593159,2.3,1.2722,20.60400033
246,Turkmenistan,TKM,5850908.0,258998.0,3018659.0,67.956,12.45059477,6740.0,,,7.4,2.2248,23.56099927
247,Turks and Caicos Islands,TCA,37665.0,,35065.0,,39.64736842,26740.0,,,,,
248,Tuvalu,TUV,11508.0,,7179.0,,383.6,5430.0,,,,0.9174,
249,Uganda,UGA,42723139.0,829251.0,10156999.0,62.516000000000005,213.06173450000003,620.0,0.881115932,60.71393176,0.5,0.0908,75.11900043
250,Ukraine,UKR,44622516.0,7333571.0,30946607.0,71.78097561,77.02966735,2660.0,51.42216306,70.30831255,8.8,3.0075,14.81700024
251,United Arab Emirates,ARE,9630959.0,104496.0,8332898.0,77.64699999999999,135.6091101,40880.0,,,1.2,2.3944,0.71100001
252,Upper middle income,UMC,2655635719.0,266365072.0,1757694779.0,75.52253325,45.46917663,8869.405874,,,3.849647335,1.971289069,37.22888742
253,Uruguay,URY,3449299.0,510997.0,3288355.0,77.632,19.70802765,15650.0,36.55704229,79.81702852,2.8,5.0499,23.904000399999997
254,Uzbekistan,UZB,32955400.0,1456345.0,16635227.0,71.388,77.46920545,2020.0,,,4.0,2.3685,40.04900169
255,Vanuatu,VUT,292680.0,10654.0,73972.0,70.172,24.00984413,3130.0,,,,0.1706,70.72399902
256,"Venezuela, RB",VEN,28870195.0,2097993.0,25465822.0,72.24600000000001,32.73079191,13080.0,,,0.8,,32.93200064
257,Vietnam,VNM,95540395.0,6950543.0,34317154.0,75.241,308.1252459,2360.0,15.24924327,34.85793265,2.6,0.8199,54.55900002
258,Virgin Islands (U.S.),VIR,106977.0,20634.0,102399.0,79.4195122,305.6485714,,,,,,10.20600012
259,West Bank and Gaza,PSE,4569087.0,143163.0,3479999.0,73.74,758.9845515,3710.0,,,,,22.93400002
260,World,WLD,7594270356.0,673618927.0,4196356648.0,72.38300866,59.63623626,11123.77294,,,2.7047692810000004,1.502125872,44.99665121
261,"Yemen, Rep.",YEM,28498687.0,819699.0,10442489.0,66.086,53.97785291,1460.0,,,0.7,0.3104,45.39799786
262,Zambia,ZMB,17351822.0,364332.0,7551686.0,63.043,23.3414789,1430.0,1.0525730690000001,1.621688864,2.0,0.0913,77.78099823
263,Zimbabwe,ZWE,14439018.0,424438.0,4650663.0,60.812,37.32459093,1790.0,2.655039973,29.55185645,1.7,0.0763,65.65199852
